Model: ,Oscilloscope EDUX1052A
Serial Number:,CN65470148
Address: ,USBInstrument1
Date: ,2026-09-09 14:23:16

Sample Number,시간 (s),1 (VOLT),2 (VOLT),
1,-0.001,-0.633768886327744,-2.50130639970303,
2,-0.000999,-0.231758832931519,-2.50130639970303,
3,-0.000998,-0.633768886327744,-2.50130639970303,
4,-0.000997,-0.432763859629631,-2.30030137300491,
5,-0.000996,-0.231758832931519,-2.30030137300491,
6,-0.000995,-0.231758832931519,-2.30030137300491,
7,-0.000994,-0.231758832931519,-2.0992963463068,
8,-0.000993,-0.231758832931519,-2.0992963463068,
9,-0.000992,-0.231758832931519,-2.0992963463068,
10,-0.000991,-0.0307538062334061,-2.0992963463068,
11,-0.00099,-0.0307538062334061,-2.30030137300491,
12,-0.000989,-0.432763859629631,-2.0992963463068,
13,-0.000988,-0.231758832931519,-2.0992963463068,
14,-0.000987,-0.0307538062334061,-2.0992963463068,
15,-0.000986,-0.231758832931519,-2.0992963463068,
16,-0.000985,-0.0307538062334061,-2.0992963463068,
17,-0.000984,-0.0307538062334061,-2.0992963463068,
18,-0.000983,-0.0307538062334061,-2.30030137300491,
19,-0.000982,0.170251220464706,-2.0992963463068,
20,-0.000981,0.170251220464706,-1.89829131960869,
21,-0.00098,-0.0307538062334061,-1.89829131960869,
22,-0.000979,0.170251220464706,-1.89829131960869,
23,-0.000978,-0.0307538062334061,-1.89829131960869,
24,-0.000977,0.170251220464706,-1.89829131960869,
25,-0.000976,0.170251220464706,-1.89829131960869,
26,-0.000975,0.170251220464706,-1.89829131960869,
27,-0.000974,0.170251220464706,-1.89829131960869,
28,-0.000973,0.371256247162819,-1.69728629291058,
29,-0.000972,0.572261273860931,-1.89829131960869,
30,-0.000971,0.371256247162819,-1.89829131960869,
31,-0.00097,0.371256247162819,-1.89829131960869,
32,-0.000969,0.572261273860931,-1.69728629291058,
33,-0.000968,0.572261273860931,-1.49628126621246,
34,-0.000967,0.572261273860931,-1.69728629291058,
35,-0.000966,0.572261273860931,-1.69728629291058,
36,-0.000965,0.572261273860931,-1.69728629291058,
37,-0.000964,0.572261273860931,-1.49628126621246,
38,-0.000963,0.371256247162819,-1.69728629291058,
39,-0.000962,0.572261273860931,-1.69728629291058,
40,-0.000961,0.572261273860931,-1.69728629291058,
41,-0.00096,0.572261273860931,-1.49628126621246,
42,-0.000959,0.773266300559044,-1.49628126621246,
43,-0.000958,0.773266300559044,-1.49628126621246,
44,-0.000957,0.773266300559044,-1.49628126621246,
45,-0.000956,0.773266300559044,-1.29527623951435,
46,-0.000955,0.974271327257156,-1.49628126621246,
47,-0.000954,0.773266300559044,-1.49628126621246,
48,-0.000953,0.773266300559044,-1.29527623951435,
49,-0.000952,0.974271327257156,-1.29527623951435,
50,-0.000951,0.974271327257156,-1.29527623951435,
51,-0.00095,0.974271327257156,-1.29527623951435,
52,-0.000949,1.17527635395527,-1.29527623951435,
53,-0.000948,1.17527635395527,-1.09427121281624,
54,-0.000947,0.974271327257156,-1.29527623951435,
55,-0.000946,0.974271327257156,-1.29527623951435,
56,-0.000945,1.17527635395527,-1.09427121281624,
57,-0.000944,1.17527635395527,-1.29527623951435,
58,-0.000943,1.37628138065338,-1.29527623951435,
59,-0.000942,1.17527635395527,-1.29527623951435,
60,-0.000941,1.37628138065338,-0.893266186118126,
61,-0.00094,1.37628138065338,-1.29527623951435,
62,-0.000939,1.37628138065338,-0.893266186118126,
63,-0.000938,1.37628138065338,-0.893266186118126,
64,-0.000937,1.57728640735149,-0.893266186118126,
65,-0.000936,1.37628138065338,-0.893266186118126,
66,-0.000935,1.37628138065338,-0.893266186118126,
67,-0.000934,1.57728640735149,-1.09427121281624,
68,-0.000933,1.37628138065338,-0.893266186118126,
69,-0.000932,1.57728640735149,-1.09427121281624,
70,-0.000931,1.57728640735149,-0.893266186118126,
71,-0.00093,1.77829143404961,-0.692261159420013,
72,-0.000929,1.77829143404961,-0.692261159420013,
73,-0.000928,1.57728640735149,-0.692261159420013,
74,-0.000927,1.57728640735149,-0.893266186118126,
75,-0.000926,1.57728640735149,-0.893266186118126,
76,-0.000925,1.77829143404961,-0.692261159420013,
77,-0.000924,1.77829143404961,-0.893266186118126,
78,-0.000923,1.77829143404961,-0.692261159420013,
79,-0.000922,1.77829143404961,-0.692261159420013,
80,-0.000921,1.97929646074772,-0.491256132721901,
81,-0.00092,1.97929646074772,-0.491256132721901,
82,-0.000919,1.77829143404961,-0.491256132721901,
83,-0.000918,1.97929646074772,-0.692261159420013,
84,-0.000917,1.97929646074772,-0.692261159420013,
85,-0.000916,1.97929646074772,-0.491256132721901,
86,-0.000915,1.97929646074772,-0.491256132721901,
87,-0.000914,1.97929646074772,-0.692261159420013,
88,-0.000913,1.97929646074772,-0.290251106023788,
89,-0.000912,2.18030148744583,-0.290251106023788,
90,-0.000911,2.18030148744583,-0.290251106023788,
91,-0.00091,1.97929646074772,-0.491256132721901,
92,-0.000909,2.38130651414394,-0.290251106023788,
93,-0.000908,2.18030148744583,-0.290251106023788,
94,-0.000907,2.18030148744583,-0.290251106023788,
95,-0.000906,2.18030148744583,-0.290251106023788,
96,-0.000905,2.38130651414394,-0.491256132721901,
97,-0.000904,2.38130651414394,-0.290251106023788,
98,-0.000903,2.18030148744583,-0.290251106023788,
99,-0.000902,2.38130651414394,-0.290251106023788,
100,-0.000901,2.38130651414394,-0.290251106023788,
101,-0.0009,2.38130651414394,-0.290251106023788,
102,-0.000899,2.58231154084206,-0.089246079325676,
103,-0.000898,2.38130651414394,-0.089246079325676,
104,-0.000897,2.58231154084206,-0.089246079325676,
105,-0.000896,2.58231154084206,-0.089246079325676,
106,-0.000895,2.58231154084206,-0.089246079325676,
107,-0.000894,2.58231154084206,-0.089246079325676,
108,-0.000893,2.58231154084206,0.111758947372437,
109,-0.000892,2.78331656754017,-0.089246079325676,
110,-0.000891,2.58231154084206,0.111758947372437,
111,-0.00089,2.58231154084206,-0.089246079325676,
112,-0.000889,2.78331656754017,0.111758947372437,
113,-0.000888,2.78331656754017,0.111758947372437,
114,-0.000887,2.78331656754017,0.111758947372437,
115,-0.000886,2.78331656754017,0.312763974070549,
116,-0.000885,2.78331656754017,0.111758947372437,
117,-0.000884,2.98432159423828,0.111758947372437,
118,-0.000883,2.78331656754017,0.312763974070549,
119,-0.000882,2.78331656754017,0.312763974070549,
120,-0.000881,2.98432159423828,0.513769000768662,
121,-0.00088,2.98432159423828,0.312763974070549,
122,-0.000879,2.78331656754017,0.312763974070549,
123,-0.000878,2.98432159423828,0.513769000768662,
124,-0.000877,2.98432159423828,0.312763974070549,
125,-0.000876,2.98432159423828,0.513769000768662,
126,-0.000875,2.98432159423828,0.513769000768662,
127,-0.000874,2.98432159423828,0.513769000768662,
128,-0.000873,3.18532662093639,0.513769000768662,
129,-0.000872,2.98432159423828,0.513769000768662,
130,-0.000871,3.18532662093639,0.312763974070549,
131,-0.00087,3.18532662093639,0.513769000768662,
132,-0.000869,3.18532662093639,0.714774027466774,
133,-0.000868,3.18532662093639,0.714774027466774,
134,-0.000867,3.18532662093639,0.915779054164886,
135,-0.000866,3.38633164763451,0.714774027466774,
136,-0.000865,3.38633164763451,0.513769000768662,
137,-0.000864,3.18532662093639,0.714774027466774,
138,-0.000863,3.38633164763451,0.714774027466774,
139,-0.000862,3.18532662093639,0.714774027466774,
140,-0.000861,3.38633164763451,0.714774027466774,
141,-0.00086,3.38633164763451,0.714774027466774,
142,-0.000859,3.38633164763451,0.915779054164886,
143,-0.000858,3.38633164763451,0.714774027466774,
144,-0.000857,3.58733667433262,0.714774027466774,
145,-0.000856,3.38633164763451,0.714774027466774,
146,-0.000855,3.58733667433262,0.915779054164886,
147,-0.000854,3.58733667433262,1.116784080863,
148,-0.000853,3.58733667433262,0.915779054164886,
149,-0.000852,3.58733667433262,0.915779054164886,
150,-0.000851,3.58733667433262,0.915779054164886,
151,-0.00085,3.78834170103073,1.116784080863,
152,-0.000849,3.38633164763451,1.116784080863,
153,-0.000848,3.78834170103073,1.116784080863,
154,-0.000847,3.58733667433262,1.116784080863,
155,-0.000846,3.78834170103073,1.116784080863,
156,-0.000845,3.78834170103073,1.31778910756111,
157,-0.000844,3.78834170103073,1.31778910756111,
158,-0.000843,3.78834170103073,1.116784080863,
159,-0.000842,3.58733667433262,1.31778910756111,
160,-0.000841,3.78834170103073,1.116784080863,
161,-0.00084,3.78834170103073,1.31778910756111,
162,-0.000839,3.78834170103073,1.116784080863,
163,-0.000838,3.78834170103073,1.31778910756111,
164,-0.000837,3.78834170103073,1.31778910756111,
165,-0.000836,3.98934672772884,1.31778910756111,
166,-0.000835,3.78834170103073,1.31778910756111,
167,-0.000834,3.98934672772884,1.31778910756111,
168,-0.000833,3.78834170103073,1.31778910756111,
169,-0.000832,3.98934672772884,1.51879413425922,
170,-0.000831,3.98934672772884,1.51879413425922,
171,-0.00083,3.98934672772884,1.51879413425922,
172,-0.000829,3.98934672772884,1.71979916095734,
173,-0.000828,3.98934672772884,1.51879413425922,
174,-0.000827,3.98934672772884,1.51879413425922,
175,-0.000826,4.19035175442696,1.71979916095734,
176,-0.000825,4.19035175442696,1.51879413425922,
177,-0.000824,3.98934672772884,1.71979916095734,
178,-0.000823,3.98934672772884,1.71979916095734,
179,-0.000822,3.98934672772884,1.71979916095734,
180,-0.000821,4.19035175442696,1.71979916095734,
181,-0.00082,4.19035175442696,1.71979916095734,
182,-0.000819,4.19035175442696,1.71979916095734,
183,-0.000818,4.19035175442696,1.92080418765545,
184,-0.000817,4.19035175442696,1.92080418765545,
185,-0.000816,4.19035175442696,1.92080418765545,
186,-0.000815,4.19035175442696,1.92080418765545,
187,-0.000814,4.19035175442696,1.92080418765545,
188,-0.000813,4.19035175442696,1.92080418765545,
189,-0.000812,4.39135678112507,1.92080418765545,
190,-0.000811,4.39135678112507,1.92080418765545,
191,-0.00081,4.19035175442696,2.12180921435356,
192,-0.000809,4.19035175442696,1.92080418765545,
193,-0.000808,4.39135678112507,1.92080418765545,
194,-0.000807,4.59236180782318,1.92080418765545,
195,-0.000806,4.39135678112507,1.92080418765545,
196,-0.000805,4.39135678112507,2.12180921435356,
197,-0.000804,4.39135678112507,2.12180921435356,
198,-0.000803,4.39135678112507,2.12180921435356,
199,-0.000802,4.39135678112507,2.12180921435356,
200,-0.000801,4.59236180782318,2.12180921435356,
201,-0.0008,4.59236180782318,2.12180921435356,
202,-0.000799,4.59236180782318,2.12180921435356,
203,-0.000798,4.39135678112507,2.32281424105167,
204,-0.000797,4.59236180782318,2.52381926774979,
205,-0.000796,4.59236180782318,2.32281424105167,
206,-0.000795,4.39135678112507,2.32281424105167,
207,-0.000794,4.39135678112507,2.32281424105167,
208,-0.000793,4.39135678112507,2.32281424105167,
209,-0.000792,4.59236180782318,2.32281424105167,
210,-0.000791,4.39135678112507,2.32281424105167,
211,-0.00079,4.59236180782318,2.52381926774979,
212,-0.000789,4.59236180782318,2.32281424105167,
213,-0.000788,4.59236180782318,2.52381926774979,
214,-0.000787,4.59236180782318,2.52381926774979,
215,-0.000786,4.59236180782318,2.52381926774979,
216,-0.000785,4.59236180782318,2.52381926774979,
217,-0.000784,4.59236180782318,2.52381926774979,
218,-0.000783,4.59236180782318,2.52381926774979,
219,-0.000782,4.59236180782318,2.52381926774979,
220,-0.000781,4.59236180782318,2.52381926774979,
221,-0.00078,4.79336683452129,2.52381926774979,
222,-0.000779,4.59236180782318,2.52381926774979,
223,-0.000778,4.59236180782318,2.7248242944479,
224,-0.000777,4.59236180782318,2.52381926774979,
225,-0.000776,4.79336683452129,2.7248242944479,
226,-0.000775,4.79336683452129,2.7248242944479,
227,-0.000774,4.79336683452129,2.7248242944479,
228,-0.000773,4.79336683452129,2.7248242944479,
229,-0.000772,4.79336683452129,2.7248242944479,
230,-0.000771,4.79336683452129,2.7248242944479,
231,-0.00077,4.79336683452129,2.7248242944479,
232,-0.000769,4.79336683452129,2.92582932114601,
233,-0.000768,4.79336683452129,2.7248242944479,
234,-0.000767,4.79336683452129,2.92582932114601,
235,-0.000766,4.59236180782318,2.92582932114601,
236,-0.000765,4.59236180782318,2.92582932114601,
237,-0.000764,4.79336683452129,2.7248242944479,
238,-0.000763,4.79336683452129,2.92582932114601,
239,-0.000762,4.79336683452129,2.92582932114601,
240,-0.000761,4.79336683452129,2.92582932114601,
241,-0.00076,4.79336683452129,2.92582932114601,
242,-0.000759,4.79336683452129,2.92582932114601,
243,-0.000758,4.99437186121941,2.92582932114601,
244,-0.000757,4.59236180782318,3.12683434784412,
245,-0.000756,4.99437186121941,2.92582932114601,
246,-0.000755,4.99437186121941,2.92582932114601,
247,-0.000754,4.99437186121941,3.12683434784412,
248,-0.000753,4.79336683452129,3.12683434784412,
249,-0.000752,4.99437186121941,3.12683434784412,
250,-0.000751,4.79336683452129,3.12683434784412,
251,-0.00075,4.79336683452129,3.12683434784412,
252,-0.000749,4.59236180782318,3.12683434784412,
253,-0.000748,4.79336683452129,3.12683434784412,
254,-0.000747,4.79336683452129,3.12683434784412,
255,-0.000746,4.79336683452129,3.12683434784412,
256,-0.000745,4.99437186121941,3.12683434784412,
257,-0.000744,4.99437186121941,3.12683434784412,
258,-0.000743,4.79336683452129,3.32783937454224,
259,-0.000742,4.79336683452129,3.12683434784412,
260,-0.000741,4.99437186121941,3.12683434784412,
261,-0.00074,4.79336683452129,3.52884440124035,
262,-0.000739,4.79336683452129,3.32783937454224,
263,-0.000738,4.99437186121941,3.32783937454224,
264,-0.000737,4.99437186121941,3.32783937454224,
265,-0.000736,4.99437186121941,3.52884440124035,
266,-0.000735,4.79336683452129,3.32783937454224,
267,-0.000734,4.99437186121941,3.32783937454224,
268,-0.000733,4.79336683452129,3.32783937454224,
269,-0.000732,4.79336683452129,3.32783937454224,
270,-0.000731,4.79336683452129,3.32783937454224,
271,-0.00073,4.79336683452129,3.32783937454224,
272,-0.000729,4.79336683452129,3.32783937454224,
273,-0.000728,4.99437186121941,3.52884440124035,
274,-0.000727,4.79336683452129,3.32783937454224,
275,-0.000726,4.79336683452129,3.32783937454224,
276,-0.000725,4.79336683452129,3.52884440124035,
277,-0.000724,4.79336683452129,3.52884440124035,
278,-0.000723,4.79336683452129,3.32783937454224,
279,-0.000722,4.99437186121941,3.52884440124035,
280,-0.000721,4.79336683452129,3.52884440124035,
281,-0.00072,4.79336683452129,3.72984942793846,
282,-0.000719,4.79336683452129,3.52884440124035,
283,-0.000718,4.79336683452129,3.72984942793846,
284,-0.000717,4.79336683452129,3.52884440124035,
285,-0.000716,4.79336683452129,3.52884440124035,
286,-0.000715,4.79336683452129,3.52884440124035,
287,-0.000714,4.79336683452129,3.72984942793846,
288,-0.000713,4.99437186121941,3.52884440124035,
289,-0.000712,4.79336683452129,3.72984942793846,
290,-0.000711,4.79336683452129,3.72984942793846,
291,-0.00071,4.79336683452129,3.72984942793846,
292,-0.000709,4.99437186121941,3.72984942793846,
293,-0.000708,4.79336683452129,3.72984942793846,
294,-0.000707,4.79336683452129,3.72984942793846,
295,-0.000706,4.79336683452129,3.72984942793846,
296,-0.000705,4.79336683452129,3.72984942793846,
297,-0.000704,4.79336683452129,3.93085445463657,
298,-0.000703,4.79336683452129,3.72984942793846,
299,-0.000702,4.79336683452129,3.72984942793846,
300,-0.000701,4.79336683452129,3.72984942793846,
301,-0.0007,4.79336683452129,3.72984942793846,
302,-0.000699,4.79336683452129,3.72984942793846,
303,-0.000698,4.59236180782318,3.93085445463657,
304,-0.000697,4.79336683452129,3.93085445463657,
305,-0.000696,4.79336683452129,3.72984942793846,
306,-0.000695,4.99437186121941,3.72984942793846,
307,-0.000694,4.79336683452129,3.72984942793846,
308,-0.000693,4.59236180782318,3.93085445463657,
309,-0.000692,4.79336683452129,3.93085445463657,
310,-0.000691,4.59236180782318,3.72984942793846,
311,-0.00069,4.79336683452129,3.93085445463657,
312,-0.000689,4.79336683452129,3.93085445463657,
313,-0.000688,4.59236180782318,3.93085445463657,
314,-0.000687,4.59236180782318,3.93085445463657,
315,-0.000686,4.59236180782318,3.93085445463657,
316,-0.000685,4.59236180782318,3.93085445463657,
317,-0.000684,4.59236180782318,3.93085445463657,
318,-0.000683,4.79336683452129,3.93085445463657,
319,-0.000682,4.59236180782318,3.93085445463657,
320,-0.000681,4.59236180782318,3.93085445463657,
321,-0.00068,4.59236180782318,3.93085445463657,
322,-0.000679,4.39135678112507,4.13185948133469,
323,-0.000678,4.59236180782318,3.93085445463657,
324,-0.000677,4.59236180782318,3.93085445463657,
325,-0.000676,4.39135678112507,3.93085445463657,
326,-0.000675,4.59236180782318,3.93085445463657,
327,-0.000674,4.59236180782318,3.93085445463657,
328,-0.000673,4.59236180782318,3.93085445463657,
329,-0.000672,4.39135678112507,4.13185948133469,
330,-0.000671,4.39135678112507,4.13185948133469,
331,-0.00067,4.39135678112507,3.93085445463657,
332,-0.000669,4.39135678112507,3.93085445463657,
333,-0.000668,4.59236180782318,4.13185948133469,
334,-0.000667,4.39135678112507,3.93085445463657,
335,-0.000666,4.39135678112507,3.93085445463657,
336,-0.000665,4.39135678112507,3.93085445463657,
337,-0.000664,4.39135678112507,3.93085445463657,
338,-0.000663,4.39135678112507,3.93085445463657,
339,-0.000662,4.39135678112507,4.13185948133469,
340,-0.000661,4.39135678112507,3.93085445463657,
341,-0.00066,4.39135678112507,4.13185948133469,
342,-0.000659,4.39135678112507,3.93085445463657,
343,-0.000658,4.39135678112507,4.13185948133469,
344,-0.000657,4.19035175442696,3.93085445463657,
345,-0.000656,4.59236180782318,3.93085445463657,
346,-0.000655,4.19035175442696,3.93085445463657,
347,-0.000654,4.39135678112507,4.13185948133469,
348,-0.000653,4.19035175442696,4.13185948133469,
349,-0.000652,4.39135678112507,3.93085445463657,
350,-0.000651,4.19035175442696,3.93085445463657,
351,-0.00065,4.19035175442696,3.93085445463657,
352,-0.000649,4.19035175442696,4.13185948133469,
353,-0.000648,4.19035175442696,3.93085445463657,
354,-0.000647,4.19035175442696,3.93085445463657,
355,-0.000646,4.19035175442696,4.13185948133469,
356,-0.000645,4.19035175442696,4.13185948133469,
357,-0.000644,4.19035175442696,4.13185948133469,
358,-0.000643,4.19035175442696,4.13185948133469,
359,-0.000642,3.98934672772884,3.93085445463657,
360,-0.000641,3.98934672772884,3.93085445463657,
361,-0.00064,4.19035175442696,4.13185948133469,
362,-0.000639,3.98934672772884,4.13185948133469,
363,-0.000638,3.98934672772884,3.93085445463657,
364,-0.000637,3.98934672772884,4.13185948133469,
365,-0.000636,3.98934672772884,3.93085445463657,
366,-0.000635,3.98934672772884,4.13185948133469,
367,-0.000634,3.98934672772884,4.13185948133469,
368,-0.000633,3.78834170103073,3.93085445463657,
369,-0.000632,3.78834170103073,4.13185948133469,
370,-0.000631,3.98934672772884,3.93085445463657,
371,-0.00063,3.98934672772884,4.13185948133469,
372,-0.000629,3.78834170103073,3.93085445463657,
373,-0.000628,3.98934672772884,3.93085445463657,
374,-0.000627,3.78834170103073,3.93085445463657,
375,-0.000626,3.58733667433262,3.93085445463657,
376,-0.000625,3.78834170103073,3.93085445463657,
377,-0.000624,3.78834170103073,3.93085445463657,
378,-0.000623,3.78834170103073,3.93085445463657,
379,-0.000622,3.78834170103073,4.13185948133469,
380,-0.000621,3.58733667433262,3.93085445463657,
381,-0.00062,3.58733667433262,3.93085445463657,
382,-0.000619,3.38633164763451,3.93085445463657,
383,-0.000618,3.58733667433262,3.93085445463657,
384,-0.000617,3.58733667433262,3.93085445463657,
385,-0.000616,3.58733667433262,3.93085445463657,
386,-0.000615,3.58733667433262,3.93085445463657,
387,-0.000614,3.58733667433262,4.13185948133469,
388,-0.000613,3.38633164763451,3.93085445463657,
389,-0.000612,3.58733667433262,4.13185948133469,
390,-0.000611,3.38633164763451,3.93085445463657,
391,-0.00061,3.58733667433262,3.72984942793846,
392,-0.000609,3.58733667433262,3.93085445463657,
393,-0.000608,3.38633164763451,3.72984942793846,
394,-0.000607,3.38633164763451,3.72984942793846,
395,-0.000606,3.38633164763451,3.93085445463657,
396,-0.000605,3.38633164763451,3.72984942793846,
397,-0.000604,3.38633164763451,3.72984942793846,
398,-0.000603,3.18532662093639,3.93085445463657,
399,-0.000602,3.18532662093639,3.93085445463657,
400,-0.000601,3.18532662093639,3.72984942793846,
401,-0.0006,3.18532662093639,3.72984942793846,
402,-0.000599,3.18532662093639,3.93085445463657,
403,-0.000598,3.38633164763451,3.72984942793846,
404,-0.000597,2.98432159423828,3.72984942793846,
405,-0.000596,2.98432159423828,3.72984942793846,
406,-0.000595,2.98432159423828,3.72984942793846,
407,-0.000594,2.98432159423828,3.93085445463657,
408,-0.000593,2.98432159423828,3.72984942793846,
409,-0.000592,2.98432159423828,3.72984942793846,
410,-0.000591,2.98432159423828,3.72984942793846,
411,-0.00059,3.18532662093639,3.72984942793846,
412,-0.000589,2.78331656754017,3.72984942793846,
413,-0.000588,2.98432159423828,3.72984942793846,
414,-0.000587,2.98432159423828,3.93085445463657,
415,-0.000586,2.78331656754017,3.72984942793846,
416,-0.000585,2.98432159423828,3.72984942793846,
417,-0.000584,2.78331656754017,3.52884440124035,
418,-0.000583,2.78331656754017,3.52884440124035,
419,-0.000582,2.78331656754017,3.72984942793846,
420,-0.000581,2.78331656754017,3.52884440124035,
421,-0.00058,2.78331656754017,3.72984942793846,
422,-0.000579,2.58231154084206,3.52884440124035,
423,-0.000578,2.58231154084206,3.52884440124035,
424,-0.000577,2.78331656754017,3.52884440124035,
425,-0.000576,2.58231154084206,3.52884440124035,
426,-0.000575,2.58231154084206,3.72984942793846,
427,-0.000574,2.58231154084206,3.72984942793846,
428,-0.000573,2.58231154084206,3.52884440124035,
429,-0.000572,2.58231154084206,3.52884440124035,
430,-0.000571,2.58231154084206,3.72984942793846,
431,-0.00057,2.38130651414394,3.52884440124035,
432,-0.000569,2.58231154084206,3.52884440124035,
433,-0.000568,2.38130651414394,3.52884440124035,
434,-0.000567,2.38130651414394,3.52884440124035,
435,-0.000566,2.18030148744583,3.32783937454224,
436,-0.000565,2.38130651414394,3.52884440124035,
437,-0.000564,2.38130651414394,3.32783937454224,
438,-0.000563,2.18030148744583,3.32783937454224,
439,-0.000562,2.38130651414394,3.52884440124035,
440,-0.000561,2.18030148744583,3.32783937454224,
441,-0.00056,2.18030148744583,3.32783937454224,
442,-0.000559,2.18030148744583,3.52884440124035,
443,-0.000558,2.18030148744583,3.32783937454224,
444,-0.000557,2.18030148744583,3.32783937454224,
445,-0.000556,2.18030148744583,3.12683434784412,
446,-0.000555,1.97929646074772,3.32783937454224,
447,-0.000554,1.97929646074772,3.32783937454224,
448,-0.000553,1.97929646074772,3.12683434784412,
449,-0.000552,2.18030148744583,3.12683434784412,
450,-0.000551,1.97929646074772,3.32783937454224,
451,-0.00055,1.77829143404961,3.12683434784412,
452,-0.000549,1.97929646074772,3.12683434784412,
453,-0.000548,1.97929646074772,3.12683434784412,
454,-0.000547,1.77829143404961,3.12683434784412,
455,-0.000546,1.77829143404961,3.12683434784412,
456,-0.000545,1.97929646074772,2.92582932114601,
457,-0.000544,1.77829143404961,3.12683434784412,
458,-0.000543,1.77829143404961,3.12683434784412,
459,-0.000542,1.77829143404961,3.12683434784412,
460,-0.000541,1.57728640735149,2.92582932114601,
461,-0.00054,1.57728640735149,2.92582932114601,
462,-0.000539,1.57728640735149,3.12683434784412,
463,-0.000538,1.57728640735149,3.12683434784412,
464,-0.000537,1.57728640735149,3.12683434784412,
465,-0.000536,1.57728640735149,2.92582932114601,
466,-0.000535,1.37628138065338,3.12683434784412,
467,-0.000534,1.57728640735149,3.12683434784412,
468,-0.000533,1.57728640735149,2.92582932114601,
469,-0.000532,1.37628138065338,2.92582932114601,
470,-0.000531,1.37628138065338,2.92582932114601,
471,-0.00053,1.37628138065338,2.92582932114601,
472,-0.000529,1.37628138065338,2.7248242944479,
473,-0.000528,1.37628138065338,2.7248242944479,
474,-0.000527,1.37628138065338,2.7248242944479,
475,-0.000526,1.17527635395527,2.7248242944479,
476,-0.000525,1.17527635395527,2.7248242944479,
477,-0.000524,0.974271327257156,2.7248242944479,
478,-0.000523,1.17527635395527,2.7248242944479,
479,-0.000522,1.17527635395527,2.7248242944479,
480,-0.000521,0.974271327257156,2.7248242944479,
481,-0.00052,0.974271327257156,2.7248242944479,
482,-0.000519,0.974271327257156,2.52381926774979,
483,-0.000518,0.773266300559044,2.7248242944479,
484,-0.000517,0.974271327257156,2.7248242944479,
485,-0.000516,0.773266300559044,2.52381926774979,
486,-0.000515,0.974271327257156,2.52381926774979,
487,-0.000514,0.773266300559044,2.52381926774979,
488,-0.000513,0.974271327257156,2.52381926774979,
489,-0.000512,0.773266300559044,2.52381926774979,
490,-0.000511,0.773266300559044,2.52381926774979,
491,-0.00051,0.572261273860931,2.7248242944479,
492,-0.000509,0.572261273860931,2.7248242944479,
493,-0.000508,0.572261273860931,2.52381926774979,
494,-0.000507,0.572261273860931,2.52381926774979,
495,-0.000506,0.572261273860931,2.32281424105167,
496,-0.000505,0.572261273860931,2.52381926774979,
497,-0.000504,0.572261273860931,2.32281424105167,
498,-0.000503,0.371256247162819,2.32281424105167,
499,-0.000502,0.572261273860931,2.32281424105167,
500,-0.000501,0.371256247162819,2.32281424105167,
501,-0.0005,0.371256247162819,2.32281424105167,
502,-0.000499,0.371256247162819,2.32281424105167,
503,-0.000498,0.371256247162819,2.12180921435356,
504,-0.000497,0.371256247162819,2.12180921435356,
505,-0.000496,0.170251220464706,2.12180921435356,
506,-0.000495,0.170251220464706,2.12180921435356,
507,-0.000494,0.170251220464706,2.12180921435356,
508,-0.000493,0.371256247162819,2.12180921435356,
509,-0.000492,0.170251220464706,2.12180921435356,
510,-0.000491,-0.0307538062334061,2.12180921435356,
511,-0.00049,0.170251220464706,2.32281424105167,
512,-0.000489,-0.0307538062334061,2.12180921435356,
513,-0.000488,0.170251220464706,2.12180921435356,
514,-0.000487,0.170251220464706,2.32281424105167,
515,-0.000486,-0.0307538062334061,1.92080418765545,
516,-0.000485,-0.0307538062334061,1.71979916095734,
517,-0.000484,-0.0307538062334061,1.92080418765545,
518,-0.000483,-0.231758832931519,1.92080418765545,
519,-0.000482,-0.0307538062334061,1.92080418765545,
520,-0.000481,-0.0307538062334061,1.92080418765545,
521,-0.00048,-0.0307538062334061,2.12180921435356,
522,-0.000479,-0.231758832931519,1.71979916095734,
523,-0.000478,-0.231758832931519,1.71979916095734,
524,-0.000477,-0.432763859629631,1.71979916095734,
525,-0.000476,-0.432763859629631,1.71979916095734,
526,-0.000475,-0.231758832931519,1.71979916095734,
527,-0.000474,-0.633768886327744,1.71979916095734,
528,-0.000473,-0.432763859629631,1.71979916095734,
529,-0.000472,-0.432763859629631,1.71979916095734,
530,-0.000471,-0.432763859629631,1.71979916095734,
531,-0.00047,-0.231758832931519,1.71979916095734,
532,-0.000469,-0.432763859629631,1.71979916095734,
533,-0.000468,-0.633768886327744,1.71979916095734,
534,-0.000467,-0.432763859629631,1.51879413425922,
535,-0.000466,-0.633768886327744,1.51879413425922,
536,-0.000465,-0.633768886327744,1.51879413425922,
537,-0.000464,-0.834773913025856,1.51879413425922,
538,-0.000463,-0.633768886327744,1.51879413425922,
539,-0.000462,-0.633768886327744,1.51879413425922,
540,-0.000461,-0.834773913025856,1.51879413425922,
541,-0.00046,-0.834773913025856,1.51879413425922,
542,-0.000459,-0.834773913025856,1.51879413425922,
543,-0.000458,-0.834773913025856,1.31778910756111,
544,-0.000457,-1.03577893972397,1.51879413425922,
545,-0.000456,-0.834773913025856,1.31778910756111,
546,-0.000455,-1.03577893972397,1.31778910756111,
547,-0.000454,-1.03577893972397,1.51879413425922,
548,-0.000453,-1.03577893972397,1.31778910756111,
549,-0.000452,-1.03577893972397,1.31778910756111,
550,-0.000451,-1.03577893972397,1.31778910756111,
551,-0.00045,-1.23678396642208,1.31778910756111,
552,-0.000449,-1.23678396642208,1.31778910756111,
553,-0.000448,-1.23678396642208,1.31778910756111,
554,-0.000447,-1.23678396642208,0.915779054164886,
555,-0.000446,-1.23678396642208,1.116784080863,
556,-0.000445,-1.23678396642208,1.116784080863,
557,-0.000444,-1.23678396642208,1.116784080863,
558,-0.000443,-1.23678396642208,1.116784080863,
559,-0.000442,-1.23678396642208,1.116784080863,
560,-0.000441,-1.63879401981831,1.116784080863,
561,-0.00044,-1.23678396642208,0.915779054164886,
562,-0.000439,-1.43778899312019,0.915779054164886,
563,-0.000438,-1.43778899312019,0.915779054164886,
564,-0.000437,-1.63879401981831,1.116784080863,
565,-0.000436,-1.63879401981831,0.915779054164886,
566,-0.000435,-1.63879401981831,1.116784080863,
567,-0.000434,-1.63879401981831,0.915779054164886,
568,-0.000433,-1.63879401981831,0.915779054164886,
569,-0.000432,-1.43778899312019,0.714774027466774,
570,-0.000431,-1.63879401981831,0.714774027466774,
571,-0.00043,-1.63879401981831,0.714774027466774,
572,-0.000429,-1.83979904651642,0.714774027466774,
573,-0.000428,-1.83979904651642,0.714774027466774,
574,-0.000427,-1.83979904651642,0.513769000768662,
575,-0.000426,-1.83979904651642,0.714774027466774,
576,-0.000425,-2.04080407321453,0.714774027466774,
577,-0.000424,-1.83979904651642,0.714774027466774,
578,-0.000423,-1.83979904651642,0.513769000768662,
579,-0.000422,-1.83979904651642,0.513769000768662,
580,-0.000421,-2.04080407321453,0.714774027466774,
581,-0.00042,-2.04080407321453,0.513769000768662,
582,-0.000419,-2.04080407321453,0.513769000768662,
583,-0.000418,-2.04080407321453,0.513769000768662,
584,-0.000417,-2.04080407321453,0.513769000768662,
585,-0.000416,-2.04080407321453,0.312763974070549,
586,-0.000415,-2.24180909991264,0.513769000768662,
587,-0.000414,-2.04080407321453,0.312763974070549,
588,-0.000413,-2.24180909991264,0.513769000768662,
589,-0.000412,-2.24180909991264,0.312763974070549,
590,-0.000411,-2.04080407321453,0.312763974070549,
591,-0.00041,-2.24180909991264,0.312763974070549,
592,-0.000409,-2.24180909991264,0.312763974070549,
593,-0.000408,-2.24180909991264,0.111758947372437,
594,-0.000407,-2.24180909991264,0.312763974070549,
595,-0.000406,-2.44281412661076,0.312763974070549,
596,-0.000405,-2.44281412661076,0.111758947372437,
597,-0.000404,-2.24180909991264,0.111758947372437,
598,-0.000403,-2.44281412661076,0.111758947372437,
599,-0.000402,-2.44281412661076,0.111758947372437,
600,-0.000401,-2.64381915330887,0.111758947372437,
601,-0.0004,-2.44281412661076,-0.089246079325676,
602,-0.000399,-2.64381915330887,-0.089246079325676,
603,-0.000398,-2.64381915330887,-0.089246079325676,
604,-0.000397,-2.64381915330887,-0.089246079325676,
605,-0.000396,-2.64381915330887,0.111758947372437,
606,-0.000395,-2.64381915330887,-0.089246079325676,
607,-0.000394,-2.84482418000698,0.111758947372437,
608,-0.000393,-2.84482418000698,-0.089246079325676,
609,-0.000392,-2.64381915330887,-0.089246079325676,
610,-0.000391,-2.84482418000698,-0.089246079325676,
611,-0.00039,-2.84482418000698,-0.290251106023788,
612,-0.000389,-2.84482418000698,-0.290251106023788,
613,-0.000388,-2.84482418000698,-0.089246079325676,
614,-0.000387,-2.84482418000698,-0.290251106023788,
615,-0.000386,-2.84482418000698,-0.290251106023788,
616,-0.000385,-2.84482418000698,-0.089246079325676,
617,-0.000384,-3.04582920670509,-0.491256132721901,
618,-0.000383,-3.04582920670509,-0.491256132721901,
619,-0.000382,-3.04582920670509,-0.290251106023788,
620,-0.000381,-3.04582920670509,-0.290251106023788,
621,-0.00038,-3.04582920670509,-0.290251106023788,
622,-0.000379,-3.04582920670509,-0.491256132721901,
623,-0.000378,-3.04582920670509,-0.491256132721901,
624,-0.000377,-3.24683423340321,-0.491256132721901,
625,-0.000376,-3.04582920670509,-0.491256132721901,
626,-0.000375,-3.24683423340321,-0.491256132721901,
627,-0.000374,-3.24683423340321,-0.491256132721901,
628,-0.000373,-3.44783926010132,-0.692261159420013,
629,-0.000372,-3.24683423340321,-0.491256132721901,
630,-0.000371,-3.24683423340321,-0.692261159420013,
631,-0.00037,-3.24683423340321,-0.692261159420013,
632,-0.000369,-3.44783926010132,-0.491256132721901,
633,-0.000368,-3.24683423340321,-0.692261159420013,
634,-0.000367,-3.44783926010132,-0.692261159420013,
635,-0.000366,-3.44783926010132,-0.692261159420013,
636,-0.000365,-3.44783926010132,-0.893266186118126,
637,-0.000364,-3.24683423340321,-0.893266186118126,
638,-0.000363,-3.44783926010132,-0.692261159420013,
639,-0.000362,-3.44783926010132,-0.893266186118126,
640,-0.000361,-3.64884428679943,-0.893266186118126,
641,-0.00036,-3.44783926010132,-0.893266186118126,
642,-0.000359,-3.64884428679943,-1.09427121281624,
643,-0.000358,-3.64884428679943,-0.893266186118126,
644,-0.000357,-3.64884428679943,-1.09427121281624,
645,-0.000356,-3.64884428679943,-0.893266186118126,
646,-0.000355,-3.64884428679943,-0.893266186118126,
647,-0.000354,-3.64884428679943,-1.09427121281624,
648,-0.000353,-3.64884428679943,-1.09427121281624,
649,-0.000352,-3.84984931349754,-1.09427121281624,
650,-0.000351,-3.84984931349754,-1.09427121281624,
651,-0.00035,-3.84984931349754,-1.09427121281624,
652,-0.000349,-3.64884428679943,-1.09427121281624,
653,-0.000348,-3.64884428679943,-1.29527623951435,
654,-0.000347,-3.84984931349754,-1.09427121281624,
655,-0.000346,-3.64884428679943,-1.09427121281624,
656,-0.000345,-3.64884428679943,-1.09427121281624,
657,-0.000344,-3.84984931349754,-1.29527623951435,
658,-0.000343,-3.84984931349754,-1.29527623951435,
659,-0.000342,-3.84984931349754,-1.29527623951435,
660,-0.000341,-3.84984931349754,-1.49628126621246,
661,-0.00034,-3.84984931349754,-1.29527623951435,
662,-0.000339,-4.05085434019566,-1.29527623951435,
663,-0.000338,-4.05085434019566,-1.49628126621246,
664,-0.000337,-4.05085434019566,-1.49628126621246,
665,-0.000336,-4.05085434019566,-1.49628126621246,
666,-0.000335,-3.84984931349754,-1.49628126621246,
667,-0.000334,-4.05085434019566,-1.69728629291058,
668,-0.000333,-4.05085434019566,-1.49628126621246,
669,-0.000332,-4.05085434019566,-1.69728629291058,
670,-0.000331,-4.05085434019566,-1.49628126621246,
671,-0.00033,-4.25185936689377,-1.49628126621246,
672,-0.000329,-4.05085434019566,-1.49628126621246,
673,-0.000328,-4.25185936689377,-1.69728629291058,
674,-0.000327,-4.25185936689377,-1.69728629291058,
675,-0.000326,-4.25185936689377,-1.49628126621246,
676,-0.000325,-4.05085434019566,-1.69728629291058,
677,-0.000324,-4.25185936689377,-1.69728629291058,
678,-0.000323,-4.25185936689377,-1.69728629291058,
679,-0.000322,-4.25185936689377,-1.69728629291058,
680,-0.000321,-4.25185936689377,-1.69728629291058,
681,-0.00032,-4.45286439359188,-1.69728629291058,
682,-0.000319,-4.45286439359188,-1.89829131960869,
683,-0.000318,-4.25185936689377,-1.89829131960869,
684,-0.000317,-4.25185936689377,-1.89829131960869,
685,-0.000316,-4.45286439359188,-1.89829131960869,
686,-0.000315,-4.25185936689377,-1.89829131960869,
687,-0.000314,-4.25185936689377,-1.89829131960869,
688,-0.000313,-4.25185936689377,-1.89829131960869,
689,-0.000312,-4.25185936689377,-1.89829131960869,
690,-0.000311,-4.45286439359188,-2.0992963463068,
691,-0.00031,-4.45286439359188,-2.0992963463068,
692,-0.000309,-4.45286439359188,-2.0992963463068,
693,-0.000308,-4.45286439359188,-2.0992963463068,
694,-0.000307,-4.45286439359188,-2.0992963463068,
695,-0.000306,-4.65386942028999,-2.0992963463068,
696,-0.000305,-4.65386942028999,-2.0992963463068,
697,-0.000304,-4.45286439359188,-2.0992963463068,
698,-0.000303,-4.65386942028999,-2.30030137300491,
699,-0.000302,-4.65386942028999,-2.0992963463068,
700,-0.000301,-4.65386942028999,-2.30030137300491,
701,-0.0003,-4.65386942028999,-2.0992963463068,
702,-0.000299,-4.65386942028999,-2.30030137300491,
703,-0.000298,-4.65386942028999,-2.30030137300491,
704,-0.000297,-4.65386942028999,-2.50130639970303,
705,-0.000296,-4.45286439359188,-2.50130639970303,
706,-0.000295,-4.65386942028999,-2.50130639970303,
707,-0.000294,-4.65386942028999,-2.50130639970303,
708,-0.000293,-4.65386942028999,-2.50130639970303,
709,-0.000292,-4.65386942028999,-2.30030137300491,
710,-0.000291,-4.65386942028999,-2.50130639970303,
711,-0.00029,-4.65386942028999,-2.30030137300491,
712,-0.000289,-4.65386942028999,-2.50130639970303,
713,-0.000288,-4.65386942028999,-2.50130639970303,
714,-0.000287,-4.85487444698811,-2.50130639970303,
715,-0.000286,-4.85487444698811,-2.50130639970303,
716,-0.000285,-4.85487444698811,-2.70231142640114,
717,-0.000284,-4.65386942028999,-2.50130639970303,
718,-0.000283,-4.85487444698811,-2.50130639970303,
719,-0.000282,-4.65386942028999,-2.70231142640114,
720,-0.000281,-4.85487444698811,-2.70231142640114,
721,-0.00028,-4.85487444698811,-2.70231142640114,
722,-0.000279,-4.65386942028999,-2.70231142640114,
723,-0.000278,-4.85487444698811,-2.70231142640114,
724,-0.000277,-4.85487444698811,-2.70231142640114,
725,-0.000276,-4.85487444698811,-2.70231142640114,
726,-0.000275,-4.85487444698811,-2.70231142640114,
727,-0.000274,-4.85487444698811,-2.70231142640114,
728,-0.000273,-4.85487444698811,-2.70231142640114,
729,-0.000272,-4.85487444698811,-2.70231142640114,
730,-0.000271,-5.05587947368622,-2.90331645309925,
731,-0.00027,-4.85487444698811,-2.90331645309925,
732,-0.000269,-4.85487444698811,-2.90331645309925,
733,-0.000268,-4.85487444698811,-2.90331645309925,
734,-0.000267,-4.85487444698811,-2.90331645309925,
735,-0.000266,-4.85487444698811,-2.90331645309925,
736,-0.000265,-4.85487444698811,-2.90331645309925,
737,-0.000264,-4.85487444698811,-2.90331645309925,
738,-0.000263,-4.85487444698811,-2.90331645309925,
739,-0.000262,-5.05587947368622,-3.10432147979736,
740,-0.000261,-4.85487444698811,-3.10432147979736,
741,-0.00026,-4.85487444698811,-2.90331645309925,
742,-0.000259,-4.85487444698811,-3.10432147979736,
743,-0.000258,-5.05587947368622,-3.10432147979736,
744,-0.000257,-4.85487444698811,-3.10432147979736,
745,-0.000256,-4.65386942028999,-3.10432147979736,
746,-0.000255,-4.85487444698811,-2.90331645309925,
747,-0.000254,-5.05587947368622,-3.30532650649548,
748,-0.000253,-4.85487444698811,-3.30532650649548,
749,-0.000252,-4.85487444698811,-3.10432147979736,
750,-0.000251,-4.85487444698811,-3.10432147979736,
751,-0.00025,-4.85487444698811,-3.10432147979736,
752,-0.000249,-4.85487444698811,-3.10432147979736,
753,-0.000248,-5.05587947368622,-3.30532650649548,
754,-0.000247,-5.05587947368622,-3.30532650649548,
755,-0.000246,-5.05587947368622,-3.10432147979736,
756,-0.000245,-4.85487444698811,-3.10432147979736,
757,-0.000244,-4.85487444698811,-3.30532650649548,
758,-0.000243,-4.85487444698811,-3.30532650649548,
759,-0.000242,-5.05587947368622,-3.30532650649548,
760,-0.000241,-5.05587947368622,-3.30532650649548,
761,-0.00024,-5.05587947368622,-3.30532650649548,
762,-0.000239,-5.05587947368622,-3.50633153319359,
763,-0.000238,-5.05587947368622,-3.30532650649548,
764,-0.000237,-5.05587947368622,-3.50633153319359,
765,-0.000236,-5.05587947368622,-3.30532650649548,
766,-0.000235,-5.05587947368622,-3.30532650649548,
767,-0.000234,-5.05587947368622,-3.50633153319359,
768,-0.000233,-5.05587947368622,-3.50633153319359,
769,-0.000232,-5.05587947368622,-3.50633153319359,
770,-0.000231,-5.05587947368622,-3.50633153319359,
771,-0.00023,-5.05587947368622,-3.50633153319359,
772,-0.000229,-4.85487444698811,-3.50633153319359,
773,-0.000228,-4.85487444698811,-3.50633153319359,
774,-0.000227,-5.05587947368622,-3.7073365598917,
775,-0.000226,-5.05587947368622,-3.30532650649548,
776,-0.000225,-5.05587947368622,-3.50633153319359,
777,-0.000224,-4.85487444698811,-3.50633153319359,
778,-0.000223,-4.85487444698811,-3.50633153319359,
779,-0.000222,-5.05587947368622,-3.50633153319359,
780,-0.000221,-4.85487444698811,-3.50633153319359,
781,-0.00022,-4.85487444698811,-3.7073365598917,
782,-0.000219,-5.05587947368622,-3.7073365598917,
783,-0.000218,-5.05587947368622,-3.7073365598917,
784,-0.000217,-4.85487444698811,-3.50633153319359,
785,-0.000216,-4.85487444698811,-3.7073365598917,
786,-0.000215,-5.05587947368622,-3.90834158658981,
787,-0.000214,-4.85487444698811,-3.7073365598917,
788,-0.000213,-5.05587947368622,-3.7073365598917,
789,-0.000212,-5.05587947368622,-3.90834158658981,
790,-0.000211,-4.85487444698811,-3.7073365598917,
791,-0.00021,-5.05587947368622,-3.7073365598917,
792,-0.000209,-4.85487444698811,-3.7073365598917,
793,-0.000208,-5.05587947368622,-3.90834158658981,
794,-0.000207,-4.85487444698811,-3.7073365598917,
795,-0.000206,-4.85487444698811,-3.90834158658981,
796,-0.000205,-5.05587947368622,-3.7073365598917,
797,-0.000204,-4.85487444698811,-3.90834158658981,
798,-0.000203,-4.85487444698811,-3.90834158658981,
799,-0.000202,-4.85487444698811,-3.7073365598917,
800,-0.000201,-4.85487444698811,-3.7073365598917,
801,-0.0002,-5.05587947368622,-3.7073365598917,
802,-0.000199,-4.85487444698811,-3.90834158658981,
803,-0.000198,-4.85487444698811,-3.90834158658981,
804,-0.000197,-4.85487444698811,-3.90834158658981,
805,-0.000196,-4.65386942028999,-3.90834158658981,
806,-0.000195,-4.65386942028999,-3.90834158658981,
807,-0.000194,-4.85487444698811,-3.90834158658981,
808,-0.000193,-4.65386942028999,-3.90834158658981,
809,-0.000192,-4.85487444698811,-3.90834158658981,
810,-0.000191,-4.65386942028999,-3.90834158658981,
811,-0.00019,-4.85487444698811,-3.90834158658981,
812,-0.000189,-4.65386942028999,-3.90834158658981,
813,-0.000188,-4.85487444698811,-4.10934661328793,
814,-0.000187,-4.85487444698811,-3.90834158658981,
815,-0.000186,-4.85487444698811,-3.90834158658981,
816,-0.000185,-4.85487444698811,-4.10934661328793,
817,-0.000184,-4.45286439359188,-4.10934661328793,
818,-0.000183,-4.85487444698811,-4.10934661328793,
819,-0.000182,-4.65386942028999,-4.10934661328793,
820,-0.000181,-4.65386942028999,-3.90834158658981,
821,-0.00018,-4.65386942028999,-3.90834158658981,
822,-0.000179,-4.65386942028999,-4.10934661328793,
823,-0.000178,-4.65386942028999,-4.10934661328793,
824,-0.000177,-4.65386942028999,-3.90834158658981,
825,-0.000176,-4.65386942028999,-4.10934661328793,
826,-0.000175,-4.65386942028999,-4.10934661328793,
827,-0.000174,-4.65386942028999,-4.10934661328793,
828,-0.000173,-4.65386942028999,-4.10934661328793,
829,-0.000172,-4.65386942028999,-3.90834158658981,
830,-0.000171,-4.45286439359188,-4.10934661328793,
831,-0.00017,-4.65386942028999,-4.10934661328793,
832,-0.000169,-4.45286439359188,-4.10934661328793,
833,-0.000168,-4.65386942028999,-4.10934661328793,
834,-0.000167,-4.45286439359188,-3.90834158658981,
835,-0.000166,-4.65386942028999,-4.31035163998604,
836,-0.000165,-4.45286439359188,-4.10934661328793,
837,-0.000164,-4.45286439359188,-4.10934661328793,
838,-0.000163,-4.65386942028999,-4.10934661328793,
839,-0.000162,-4.65386942028999,-3.90834158658981,
840,-0.000161,-4.45286439359188,-4.10934661328793,
841,-0.00016,-4.45286439359188,-4.10934661328793,
842,-0.000159,-4.45286439359188,-4.10934661328793,
843,-0.000158,-4.45286439359188,-4.10934661328793,
844,-0.000157,-4.25185936689377,-4.10934661328793,
845,-0.000156,-4.45286439359188,-3.90834158658981,
846,-0.000155,-4.45286439359188,-4.31035163998604,
847,-0.000154,-4.45286439359188,-3.90834158658981,
848,-0.000153,-4.45286439359188,-4.10934661328793,
849,-0.000152,-4.25185936689377,-3.90834158658981,
850,-0.000151,-4.25185936689377,-4.10934661328793,
851,-0.00015,-4.45286439359188,-4.31035163998604,
852,-0.000149,-4.25185936689377,-4.10934661328793,
853,-0.000148,-4.25185936689377,-4.31035163998604,
854,-0.000147,-4.25185936689377,-4.10934661328793,
855,-0.000146,-4.25185936689377,-4.10934661328793,
856,-0.000145,-4.25185936689377,-4.10934661328793,
857,-0.000144,-4.25185936689377,-4.31035163998604,
858,-0.000143,-4.25185936689377,-4.31035163998604,
859,-0.000142,-4.25185936689377,-4.10934661328793,
860,-0.000141,-4.25185936689377,-4.10934661328793,
861,-0.00014,-4.05085434019566,-4.10934661328793,
862,-0.000139,-4.25185936689377,-4.10934661328793,
863,-0.000138,-4.25185936689377,-4.31035163998604,
864,-0.000137,-4.05085434019566,-4.10934661328793,
865,-0.000136,-4.25185936689377,-4.10934661328793,
866,-0.000135,-4.05085434019566,-4.31035163998604,
867,-0.000134,-4.05085434019566,-4.10934661328793,
868,-0.000133,-3.84984931349754,-3.90834158658981,
869,-0.000132,-3.84984931349754,-3.90834158658981,
870,-0.000131,-3.84984931349754,-4.10934661328793,
871,-0.00013,-3.84984931349754,-4.10934661328793,
872,-0.000129,-4.05085434019566,-4.31035163998604,
873,-0.000128,-3.84984931349754,-4.10934661328793,
874,-0.000127,-3.84984931349754,-4.10934661328793,
875,-0.000126,-4.05085434019566,-4.10934661328793,
876,-0.000125,-3.84984931349754,-4.10934661328793,
877,-0.000124,-3.84984931349754,-4.10934661328793,
878,-0.000123,-3.64884428679943,-4.10934661328793,
879,-0.000122,-3.84984931349754,-3.90834158658981,
880,-0.000121,-4.05085434019566,-4.10934661328793,
881,-0.00012,-3.64884428679943,-4.10934661328793,
882,-0.000119,-3.84984931349754,-4.10934661328793,
883,-0.000118,-3.84984931349754,-4.10934661328793,
884,-0.000117,-3.64884428679943,-3.90834158658981,
885,-0.000116,-3.64884428679943,-3.90834158658981,
886,-0.000115,-3.64884428679943,-4.10934661328793,
887,-0.000114,-3.84984931349754,-3.90834158658981,
888,-0.000113,-3.64884428679943,-3.90834158658981,
889,-0.000112,-3.64884428679943,-4.10934661328793,
890,-0.000111,-3.64884428679943,-3.90834158658981,
891,-0.00011,-3.64884428679943,-4.10934661328793,
892,-0.000109,-3.64884428679943,-4.10934661328793,
893,-0.000108,-3.44783926010132,-3.90834158658981,
894,-0.000107,-3.44783926010132,-4.10934661328793,
895,-0.000106,-3.44783926010132,-3.90834158658981,
896,-0.000105,-3.44783926010132,-4.10934661328793,
897,-0.000104,-3.44783926010132,-3.90834158658981,
898,-0.000103,-3.44783926010132,-3.90834158658981,
899,-0.000102,-3.24683423340321,-3.7073365598917,
900,-0.000101,-3.24683423340321,-3.90834158658981,
901,-0.0001,-3.24683423340321,-3.90834158658981,
902,-9.9E-05,-3.24683423340321,-3.90834158658981,
903,-9.80000000000001E-05,-3.24683423340321,-3.90834158658981,
904,-9.70000000000001E-05,-3.24683423340321,-3.90834158658981,
905,-9.60000000000001E-05,-3.24683423340321,-3.90834158658981,
906,-9.5E-05,-3.24683423340321,-3.90834158658981,
907,-9.4E-05,-3.24683423340321,-3.90834158658981,
908,-9.30000000000001E-05,-3.04582920670509,-3.90834158658981,
909,-9.20000000000001E-05,-3.04582920670509,-3.90834158658981,
910,-9.1E-05,-3.04582920670509,-3.90834158658981,
911,-9E-05,-3.04582920670509,-3.7073365598917,
912,-8.90000000000001E-05,-3.04582920670509,-3.90834158658981,
913,-8.80000000000001E-05,-3.04582920670509,-3.7073365598917,
914,-8.70000000000001E-05,-3.04582920670509,-3.7073365598917,
915,-8.6E-05,-3.04582920670509,-3.7073365598917,
916,-8.50000000000001E-05,-3.04582920670509,-3.7073365598917,
917,-8.40000000000001E-05,-2.84482418000698,-3.50633153319359,
918,-8.30000000000001E-05,-2.84482418000698,-3.90834158658981,
919,-8.2E-05,-3.04582920670509,-3.7073365598917,
920,-8.1E-05,-2.84482418000698,-3.7073365598917,
921,-8.00000000000001E-05,-2.84482418000698,-3.7073365598917,
922,-7.90000000000001E-05,-2.84482418000698,-3.7073365598917,
923,-7.80000000000001E-05,-2.84482418000698,-3.7073365598917,
924,-7.7E-05,-2.64381915330887,-3.7073365598917,
925,-7.60000000000001E-05,-2.64381915330887,-3.7073365598917,
926,-7.50000000000001E-05,-2.64381915330887,-3.50633153319359,
927,-7.40000000000001E-05,-2.64381915330887,-3.7073365598917,
928,-7.3E-05,-2.64381915330887,-3.7073365598917,
929,-7.2E-05,-2.64381915330887,-3.7073365598917,
930,-7.10000000000001E-05,-2.44281412661076,-3.50633153319359,
931,-7.00000000000001E-05,-2.44281412661076,-3.7073365598917,
932,-6.90000000000001E-05,-2.64381915330887,-3.50633153319359,
933,-6.8E-05,-2.64381915330887,-3.7073365598917,
934,-6.70000000000001E-05,-2.44281412661076,-3.50633153319359,
935,-6.60000000000001E-05,-2.44281412661076,-3.50633153319359,
936,-6.50000000000001E-05,-2.44281412661076,-3.7073365598917,
937,-6.4E-05,-2.24180909991264,-3.50633153319359,
938,-6.3E-05,-2.44281412661076,-3.30532650649548,
939,-6.20000000000001E-05,-2.24180909991264,-3.30532650649548,
940,-6.10000000000001E-05,-2.44281412661076,-3.50633153319359,
941,-6E-05,-2.24180909991264,-3.30532650649548,
942,-5.9E-05,-2.24180909991264,-3.50633153319359,
943,-5.80000000000001E-05,-2.44281412661076,-3.30532650649548,
944,-5.70000000000001E-05,-2.24180909991264,-3.30532650649548,
945,-5.60000000000001E-05,-2.24180909991264,-3.50633153319359,
946,-5.5E-05,-2.24180909991264,-3.30532650649548,
947,-5.4E-05,-2.24180909991264,-3.50633153319359,
948,-5.30000000000001E-05,-2.04080407321453,-3.30532650649548,
949,-5.20000000000001E-05,-2.04080407321453,-3.30532650649548,
950,-5.1E-05,-2.04080407321453,-3.30532650649548,
951,-5E-05,-2.04080407321453,-3.30532650649548,
952,-4.90000000000001E-05,-2.04080407321453,-3.30532650649548,
953,-4.80000000000001E-05,-1.83979904651642,-3.30532650649548,
954,-4.70000000000001E-05,-2.04080407321453,-3.30532650649548,
955,-4.6E-05,-1.83979904651642,-3.30532650649548,
956,-4.50000000000001E-05,-1.83979904651642,-3.10432147979736,
957,-4.40000000000001E-05,-1.83979904651642,-3.10432147979736,
958,-4.30000000000001E-05,-1.83979904651642,-3.30532650649548,
959,-4.2E-05,-1.83979904651642,-3.10432147979736,
960,-4.1E-05,-1.63879401981831,-3.10432147979736,
961,-4.00000000000001E-05,-1.63879401981831,-3.10432147979736,
962,-3.90000000000001E-05,-1.63879401981831,-3.10432147979736,
963,-3.80000000000001E-05,-1.63879401981831,-3.10432147979736,
964,-3.7E-05,-1.63879401981831,-3.10432147979736,
965,-3.60000000000001E-05,-1.63879401981831,-3.10432147979736,
966,-3.50000000000001E-05,-1.63879401981831,-3.10432147979736,
967,-3.40000000000001E-05,-1.63879401981831,-2.90331645309925,
968,-3.3E-05,-1.43778899312019,-3.10432147979736,
969,-3.2E-05,-1.63879401981831,-2.90331645309925,
970,-3.10000000000001E-05,-1.63879401981831,-3.10432147979736,
971,-3.00000000000001E-05,-1.43778899312019,-3.10432147979736,
972,-2.90000000000001E-05,-1.43778899312019,-2.90331645309925,
973,-2.8E-05,-1.43778899312019,-2.90331645309925,
974,-2.70000000000001E-05,-1.23678396642208,-2.90331645309925,
975,-2.60000000000001E-05,-1.23678396642208,-2.90331645309925,
976,-2.50000000000001E-05,-1.03577893972397,-2.70231142640114,
977,-2.4E-05,-1.23678396642208,-3.10432147979736,
978,-2.3E-05,-1.23678396642208,-2.90331645309925,
979,-2.20000000000001E-05,-1.43778899312019,-2.90331645309925,
980,-2.1E-05,-1.03577893972397,-2.70231142640114,
981,-2.00000000000001E-05,-1.23678396642208,-2.70231142640114,
982,-1.90000000000001E-05,-1.03577893972397,-2.90331645309925,
983,-1.8E-05,-1.03577893972397,-2.70231142640114,
984,-1.70000000000001E-05,-1.03577893972397,-2.70231142640114,
985,-1.60000000000002E-05,-1.03577893972397,-2.90331645309925,
986,-1.5E-05,-1.03577893972397,-2.70231142640114,
987,-1.40000000000001E-05,-0.834773913025856,-2.70231142640114,
988,-1.3E-05,-0.834773913025856,-2.70231142640114,
989,-1.20000000000001E-05,-0.834773913025856,-2.70231142640114,
990,-1.10000000000002E-05,-0.834773913025856,-2.70231142640114,
991,-1E-05,-1.03577893972397,-2.50130639970303,
992,-9.00000000000011E-06,-0.834773913025856,-2.50130639970303,
993,-7.99999999999998E-06,-0.834773913025856,-2.70231142640114,
994,-7.00000000000006E-06,-0.834773913025856,-2.50130639970303,
995,-6.00000000000015E-06,-0.633768886327744,-2.50130639970303,
996,-5.00000000000001E-06,-0.834773913025856,-2.50130639970303,
997,-4.0000000000001E-06,-0.633768886327744,-2.50130639970303,
998,-2.99999999999996E-06,-0.432763859629631,-2.50130639970303,
999,-2.00000000000005E-06,-0.432763859629631,-2.50130639970303,
1000,-1.00000000000013E-06,-0.432763859629631,-2.50130639970303,
1001,0,-0.633768886327744,-2.50130639970303,
1002,9.99999999999916E-07,-0.432763859629631,-2.30030137300491,
1003,1.99999999999983E-06,-0.432763859629631,-2.30030137300491,
1004,2.99999999999996E-06,-0.432763859629631,-2.0992963463068,
1005,3.99999999999988E-06,-0.432763859629631,-2.30030137300491,
1006,5.00000000000001E-06,-0.432763859629631,-2.0992963463068,
1007,5.99999999999993E-06,-0.231758832931519,-2.30030137300491,
1008,6.99999999999984E-06,-0.231758832931519,-2.30030137300491,
1009,7.99999999999998E-06,-0.231758832931519,-2.30030137300491,
1010,8.99999999999989E-06,-0.231758832931519,-2.0992963463068,
1011,1E-05,-0.0307538062334061,-2.0992963463068,
1012,1.09999999999999E-05,-0.231758832931519,-2.30030137300491,
1013,1.19999999999999E-05,-0.0307538062334061,-2.0992963463068,
1014,1.3E-05,-0.0307538062334061,-2.0992963463068,
1015,1.39999999999999E-05,-0.0307538062334061,-2.0992963463068,
1016,1.5E-05,-0.0307538062334061,-2.30030137300491,
1017,1.6E-05,-0.0307538062334061,-2.0992963463068,
1018,1.69999999999999E-05,-0.0307538062334061,-2.0992963463068,
1019,1.8E-05,0.170251220464706,-2.0992963463068,
1020,1.89999999999999E-05,-0.0307538062334061,-1.89829131960869,
1021,1.99999999999998E-05,-0.0307538062334061,-1.89829131960869,
1022,2.1E-05,0.170251220464706,-1.89829131960869,
1023,2.19999999999999E-05,0.170251220464706,-2.0992963463068,
1024,2.3E-05,0.170251220464706,-1.89829131960869,
1025,2.39999999999999E-05,0.371256247162819,-1.89829131960869,
1026,2.49999999999998E-05,0.371256247162819,-1.89829131960869,
1027,2.6E-05,0.371256247162819,-1.89829131960869,
1028,2.69999999999999E-05,0.371256247162819,-1.89829131960869,
1029,2.8E-05,0.371256247162819,-1.89829131960869,
1030,2.89999999999999E-05,0.371256247162819,-1.69728629291058,
1031,2.99999999999999E-05,0.371256247162819,-1.89829131960869,
1032,3.1E-05,0.371256247162819,-1.89829131960869,
1033,3.19999999999999E-05,0.572261273860931,-1.49628126621246,
1034,3.29999999999998E-05,0.572261273860931,-1.69728629291058,
1035,3.4E-05,0.572261273860931,-1.69728629291058,
1036,3.49999999999999E-05,0.371256247162819,-1.69728629291058,
1037,3.6E-05,0.773266300559044,-1.69728629291058,
1038,3.69999999999999E-05,0.572261273860931,-1.69728629291058,
1039,3.79999999999998E-05,0.572261273860931,-1.69728629291058,
1040,3.9E-05,0.773266300559044,-1.69728629291058,
1041,3.99999999999999E-05,0.773266300559044,-1.69728629291058,
1042,4.1E-05,0.773266300559044,-1.49628126621246,
1043,4.19999999999999E-05,0.974271327257156,-1.49628126621246,
1044,4.29999999999999E-05,0.773266300559044,-1.49628126621246,
1045,4.4E-05,0.773266300559044,-1.49628126621246,
1046,4.49999999999999E-05,0.773266300559044,-1.29527623951435,
1047,4.6E-05,0.773266300559044,-1.49628126621246,
1048,4.7E-05,0.974271327257156,-1.29527623951435,
1049,4.79999999999999E-05,0.974271327257156,-1.49628126621246,
1050,4.9E-05,0.974271327257156,-1.29527623951435,
1051,4.99999999999999E-05,0.974271327257156,-1.29527623951435,
1052,5.09999999999998E-05,0.974271327257156,-1.49628126621246,
1053,5.2E-05,0.974271327257156,-1.09427121281624,
1054,5.29999999999999E-05,0.974271327257156,-1.29527623951435,
1055,5.4E-05,1.17527635395527,-1.29527623951435,
1056,5.49999999999999E-05,1.17527635395527,-1.29527623951435,
1057,5.59999999999998E-05,1.17527635395527,-1.09427121281624,
1058,5.7E-05,1.17527635395527,-1.29527623951435,
1059,5.79999999999999E-05,1.17527635395527,-1.09427121281624,
1060,5.9E-05,1.37628138065338,-1.09427121281624,
1061,5.99999999999999E-05,1.37628138065338,-1.09427121281624,
1062,6.09999999999999E-05,1.37628138065338,-1.29527623951435,
1063,6.2E-05,1.17527635395527,-1.09427121281624,
1064,6.29999999999999E-05,1.37628138065338,-0.893266186118126,
1065,6.4E-05,1.37628138065338,-1.09427121281624,
1066,6.5E-05,1.37628138065338,-1.09427121281624,
1067,6.59999999999999E-05,1.57728640735149,-0.893266186118126,
1068,6.7E-05,1.57728640735149,-1.09427121281624,
1069,6.79999999999999E-05,1.57728640735149,-0.893266186118126,
1070,6.89999999999998E-05,1.57728640735149,-1.09427121281624,
1071,7E-05,1.77829143404961,-1.09427121281624,
1072,7.09999999999999E-05,1.57728640735149,-0.893266186118126,
1073,7.2E-05,1.77829143404961,-0.893266186118126,
1074,7.29999999999999E-05,1.57728640735149,-0.893266186118126,
1075,7.39999999999998E-05,1.77829143404961,-0.893266186118126,
1076,7.5E-05,1.77829143404961,-0.692261159420013,
1077,7.59999999999999E-05,1.77829143404961,-0.692261159420013,
1078,7.7E-05,1.57728640735149,-0.692261159420013,
1079,7.79999999999999E-05,1.77829143404961,-0.692261159420013,
1080,7.89999999999999E-05,1.97929646074772,-0.692261159420013,
1081,8E-05,1.97929646074772,-0.692261159420013,
1082,8.09999999999999E-05,1.97929646074772,-0.692261159420013,
1083,8.19999999999998E-05,1.97929646074772,-0.692261159420013,
1084,8.3E-05,1.77829143404961,-0.692261159420013,
1085,8.39999999999999E-05,1.97929646074772,-0.491256132721901,
1086,8.5E-05,1.97929646074772,-0.893266186118126,
1087,8.59999999999999E-05,2.18030148744583,-0.491256132721901,
1088,8.69999999999998E-05,1.97929646074772,-0.491256132721901,
1089,8.8E-05,2.18030148744583,-0.491256132721901,
1090,8.89999999999999E-05,2.18030148744583,-0.491256132721901,
1091,9E-05,2.18030148744583,-0.290251106023788,
1092,9.09999999999999E-05,2.18030148744583,-0.290251106023788,
1093,9.19999999999999E-05,2.18030148744583,-0.290251106023788,
1094,9.3E-05,2.18030148744583,-0.290251106023788,
1095,9.39999999999999E-05,2.18030148744583,-0.290251106023788,
1096,9.5E-05,2.38130651414394,-0.290251106023788,
1097,9.59999999999999E-05,2.18030148744583,-0.290251106023788,
1098,9.69999999999999E-05,2.38130651414394,-0.491256132721901,
1099,9.8E-05,2.38130651414394,-0.290251106023788,
1100,9.89999999999999E-05,2.38130651414394,-0.089246079325676,
1101,9.99999999999998E-05,2.38130651414394,-0.290251106023788,
1102,0.000101,2.38130651414394,-0.089246079325676,
1103,0.000102,2.38130651414394,-0.089246079325676,
1104,0.000103,2.58231154084206,-0.089246079325676,
1105,0.000104,2.58231154084206,-0.089246079325676,
1106,0.000105,2.58231154084206,-0.089246079325676,
1107,0.000106,2.78331656754017,0.111758947372437,
1108,0.000107,2.58231154084206,0.111758947372437,
1109,0.000108,2.78331656754017,0.111758947372437,
1110,0.000109,2.78331656754017,-0.089246079325676,
1111,0.00011,2.78331656754017,0.111758947372437,
1112,0.000111,2.78331656754017,0.111758947372437,
1113,0.000112,2.78331656754017,0.111758947372437,
1114,0.000113,2.58231154084206,0.111758947372437,
1115,0.000114,2.78331656754017,0.111758947372437,
1116,0.000115,2.78331656754017,0.312763974070549,
1117,0.000116,2.98432159423828,0.111758947372437,
1118,0.000117,2.78331656754017,0.111758947372437,
1119,0.000118,2.98432159423828,0.312763974070549,
1120,0.000119,2.98432159423828,0.312763974070549,
1121,0.00012,2.98432159423828,0.312763974070549,
1122,0.000121,2.98432159423828,0.513769000768662,
1123,0.000122,2.98432159423828,0.513769000768662,
1124,0.000123,2.98432159423828,0.312763974070549,
1125,0.000124,2.98432159423828,0.312763974070549,
1126,0.000125,2.98432159423828,0.513769000768662,
1127,0.000126,2.98432159423828,0.513769000768662,
1128,0.000127,3.18532662093639,0.513769000768662,
1129,0.000128,3.18532662093639,0.513769000768662,
1130,0.000129,3.18532662093639,0.513769000768662,
1131,0.00013,3.38633164763451,0.513769000768662,
1132,0.000131,3.18532662093639,0.714774027466774,
1133,0.000132,3.18532662093639,0.513769000768662,
1134,0.000133,3.18532662093639,0.714774027466774,
1135,0.000134,3.38633164763451,0.714774027466774,
1136,0.000135,3.18532662093639,0.513769000768662,
1137,0.000136,3.18532662093639,0.513769000768662,
1138,0.000137,3.38633164763451,0.714774027466774,
1139,0.000138,3.38633164763451,0.714774027466774,
1140,0.000139,3.38633164763451,0.714774027466774,
1141,0.00014,3.38633164763451,0.915779054164886,
1142,0.000141,3.38633164763451,0.915779054164886,
1143,0.000142,3.58733667433262,0.915779054164886,
1144,0.000143,3.38633164763451,0.915779054164886,
1145,0.000144,3.38633164763451,0.915779054164886,
1146,0.000145,3.58733667433262,0.915779054164886,
1147,0.000146,3.58733667433262,0.915779054164886,
1148,0.000147,3.58733667433262,0.915779054164886,
1149,0.000148,3.58733667433262,0.915779054164886,
1150,0.000149,3.58733667433262,1.116784080863,
1151,0.00015,3.58733667433262,1.116784080863,
1152,0.000151,3.78834170103073,1.116784080863,
1153,0.000152,3.58733667433262,1.116784080863,
1154,0.000153,3.58733667433262,1.116784080863,
1155,0.000154,3.58733667433262,1.116784080863,
1156,0.000155,3.78834170103073,1.116784080863,
1157,0.000156,3.78834170103073,1.116784080863,
1158,0.000157,3.78834170103073,1.31778910756111,
1159,0.000158,3.78834170103073,1.51879413425922,
1160,0.000159,3.98934672772884,1.31778910756111,
1161,0.00016,3.78834170103073,1.31778910756111,
1162,0.000161,3.98934672772884,1.31778910756111,
1163,0.000162,3.78834170103073,1.31778910756111,
1164,0.000163,3.78834170103073,1.51879413425922,
1165,0.000164,3.78834170103073,1.31778910756111,
1166,0.000165,3.98934672772884,1.51879413425922,
1167,0.000166,3.98934672772884,1.51879413425922,
1168,0.000167,3.78834170103073,1.31778910756111,
1169,0.000168,3.98934672772884,1.31778910756111,
1170,0.000169,3.98934672772884,1.31778910756111,
1171,0.00017,3.98934672772884,1.51879413425922,
1172,0.000171,4.19035175442696,1.51879413425922,
1173,0.000172,4.19035175442696,1.51879413425922,
1174,0.000173,4.19035175442696,1.71979916095734,
1175,0.000174,3.98934672772884,1.71979916095734,
1176,0.000175,4.19035175442696,1.71979916095734,
1177,0.000176,4.19035175442696,1.71979916095734,
1178,0.000177,4.19035175442696,1.71979916095734,
1179,0.000178,4.19035175442696,1.71979916095734,
1180,0.000179,3.98934672772884,1.71979916095734,
1181,0.00018,4.19035175442696,1.71979916095734,
1182,0.000181,4.19035175442696,1.71979916095734,
1183,0.000182,4.19035175442696,1.71979916095734,
1184,0.000183,4.19035175442696,1.71979916095734,
1185,0.000184,4.19035175442696,1.92080418765545,
1186,0.000185,4.39135678112507,1.92080418765545,
1187,0.000186,4.19035175442696,1.92080418765545,
1188,0.000187,4.39135678112507,1.92080418765545,
1189,0.000188,4.39135678112507,1.92080418765545,
1190,0.000189,4.39135678112507,2.12180921435356,
1191,0.00019,4.19035175442696,2.12180921435356,
1192,0.000191,4.39135678112507,1.92080418765545,
1193,0.000192,4.39135678112507,1.92080418765545,
1194,0.000193,4.39135678112507,1.92080418765545,
1195,0.000194,4.39135678112507,2.12180921435356,
1196,0.000195,4.39135678112507,1.92080418765545,
1197,0.000196,4.59236180782318,1.92080418765545,
1198,0.000197,4.39135678112507,2.12180921435356,
1199,0.000198,4.39135678112507,2.12180921435356,
1200,0.000199,4.39135678112507,2.12180921435356,
1201,0.0002,4.59236180782318,2.32281424105167,
1202,0.000201,4.59236180782318,2.12180921435356,
1203,0.000202,4.39135678112507,2.32281424105167,
1204,0.000203,4.59236180782318,2.32281424105167,
1205,0.000204,4.59236180782318,2.32281424105167,
1206,0.000205,4.59236180782318,2.32281424105167,
1207,0.000206,4.59236180782318,2.32281424105167,
1208,0.000207,4.59236180782318,2.32281424105167,
1209,0.000208,4.59236180782318,2.32281424105167,
1210,0.000209,4.59236180782318,2.32281424105167,
1211,0.00021,4.59236180782318,2.52381926774979,
1212,0.000211,4.39135678112507,2.32281424105167,
1213,0.000212,4.59236180782318,2.32281424105167,
1214,0.000213,4.79336683452129,2.52381926774979,
1215,0.000214,4.59236180782318,2.32281424105167,
1216,0.000215,4.59236180782318,2.52381926774979,
1217,0.000216,4.59236180782318,2.52381926774979,
1218,0.000217,4.59236180782318,2.52381926774979,
1219,0.000218,4.59236180782318,2.52381926774979,
1220,0.000219,4.79336683452129,2.52381926774979,
1221,0.00022,4.59236180782318,2.52381926774979,
1222,0.000221,4.79336683452129,2.52381926774979,
1223,0.000222,4.79336683452129,2.7248242944479,
1224,0.000223,4.59236180782318,2.52381926774979,
1225,0.000224,4.79336683452129,2.7248242944479,
1226,0.000225,4.79336683452129,2.7248242944479,
1227,0.000226,4.79336683452129,2.7248242944479,
1228,0.000227,4.59236180782318,2.7248242944479,
1229,0.000228,4.79336683452129,2.7248242944479,
1230,0.000229,4.79336683452129,2.7248242944479,
1231,0.00023,4.99437186121941,2.92582932114601,
1232,0.000231,4.79336683452129,2.7248242944479,
1233,0.000232,4.79336683452129,2.92582932114601,
1234,0.000233,4.59236180782318,2.7248242944479,
1235,0.000234,4.79336683452129,2.7248242944479,
1236,0.000235,4.79336683452129,2.92582932114601,
1237,0.000236,4.79336683452129,2.92582932114601,
1238,0.000237,4.79336683452129,2.92582932114601,
1239,0.000238,4.79336683452129,2.92582932114601,
1240,0.000239,4.99437186121941,3.12683434784412,
1241,0.00024,4.79336683452129,2.92582932114601,
1242,0.000241,4.79336683452129,2.92582932114601,
1243,0.000242,4.79336683452129,3.12683434784412,
1244,0.000243,4.79336683452129,3.12683434784412,
1245,0.000244,4.99437186121941,3.12683434784412,
1246,0.000245,4.79336683452129,2.92582932114601,
1247,0.000246,4.79336683452129,3.12683434784412,
1248,0.000247,4.79336683452129,2.92582932114601,
1249,0.000248,4.79336683452129,3.12683434784412,
1250,0.000249,4.79336683452129,2.92582932114601,
1251,0.00025,4.99437186121941,3.12683434784412,
1252,0.000251,4.79336683452129,3.12683434784412,
1253,0.000252,4.99437186121941,3.32783937454224,
1254,0.000253,4.99437186121941,3.12683434784412,
1255,0.000254,4.79336683452129,3.32783937454224,
1256,0.000255,4.79336683452129,3.12683434784412,
1257,0.000256,4.99437186121941,3.32783937454224,
1258,0.000257,4.79336683452129,3.32783937454224,
1259,0.000258,4.99437186121941,3.32783937454224,
1260,0.000259,4.79336683452129,3.32783937454224,
1261,0.00026,4.79336683452129,3.32783937454224,
1262,0.000261,4.79336683452129,3.32783937454224,
1263,0.000262,4.79336683452129,3.32783937454224,
1264,0.000263,4.79336683452129,3.32783937454224,
1265,0.000264,4.79336683452129,3.52884440124035,
1266,0.000265,4.79336683452129,3.32783937454224,
1267,0.000266,4.99437186121941,3.32783937454224,
1268,0.000267,4.99437186121941,3.32783937454224,
1269,0.000268,4.99437186121941,3.32783937454224,
1270,0.000269,4.79336683452129,3.32783937454224,
1271,0.00027,4.99437186121941,3.52884440124035,
1272,0.000271,4.79336683452129,3.52884440124035,
1273,0.000272,4.99437186121941,3.52884440124035,
1274,0.000273,4.79336683452129,3.52884440124035,
1275,0.000274,4.99437186121941,3.52884440124035,
1276,0.000275,4.79336683452129,3.32783937454224,
1277,0.000276,4.79336683452129,3.52884440124035,
1278,0.000277,4.59236180782318,3.72984942793846,
1279,0.000278,4.59236180782318,3.52884440124035,
1280,0.000279,4.79336683452129,3.72984942793846,
1281,0.00028,4.79336683452129,3.52884440124035,
1282,0.000281,4.99437186121941,3.52884440124035,
1283,0.000282,4.99437186121941,3.52884440124035,
1284,0.000283,4.99437186121941,3.72984942793846,
1285,0.000284,4.79336683452129,3.52884440124035,
1286,0.000285,4.79336683452129,3.52884440124035,
1287,0.000286,4.99437186121941,3.72984942793846,
1288,0.000287,4.79336683452129,3.72984942793846,
1289,0.000288,4.79336683452129,3.72984942793846,
1290,0.000289,4.79336683452129,3.52884440124035,
1291,0.00029,4.79336683452129,3.72984942793846,
1292,0.000291,4.79336683452129,3.72984942793846,
1293,0.000292,4.79336683452129,3.52884440124035,
1294,0.000293,4.79336683452129,3.52884440124035,
1295,0.000294,4.79336683452129,3.72984942793846,
1296,0.000295,4.79336683452129,3.72984942793846,
1297,0.000296,4.79336683452129,3.93085445463657,
1298,0.000297,4.99437186121941,3.72984942793846,
1299,0.000298,4.79336683452129,3.72984942793846,
1300,0.000299,4.79336683452129,3.72984942793846,
1301,0.0003,4.79336683452129,3.93085445463657,
1302,0.000301,4.79336683452129,3.72984942793846,
1303,0.000302,4.79336683452129,3.72984942793846,
1304,0.000303,4.59236180782318,3.72984942793846,
1305,0.000304,4.79336683452129,3.72984942793846,
1306,0.000305,4.59236180782318,3.93085445463657,
1307,0.000306,4.79336683452129,3.93085445463657,
1308,0.000307,4.79336683452129,3.93085445463657,
1309,0.000308,4.59236180782318,3.72984942793846,
1310,0.000309,4.79336683452129,3.93085445463657,
1311,0.00031,4.79336683452129,3.93085445463657,
1312,0.000311,4.79336683452129,3.93085445463657,
1313,0.000312,4.59236180782318,3.93085445463657,
1314,0.000313,4.79336683452129,3.93085445463657,
1315,0.000314,4.59236180782318,3.93085445463657,
1316,0.000315,4.59236180782318,3.93085445463657,
1317,0.000316,4.59236180782318,3.93085445463657,
1318,0.000317,4.39135678112507,3.93085445463657,
1319,0.000318,4.59236180782318,3.93085445463657,
1320,0.000319,4.59236180782318,3.93085445463657,
1321,0.00032,4.59236180782318,3.93085445463657,
1322,0.000321,4.59236180782318,3.93085445463657,
1323,0.000322,4.39135678112507,4.13185948133469,
1324,0.000323,4.59236180782318,4.13185948133469,
1325,0.000324,4.59236180782318,4.13185948133469,
1326,0.000325,4.59236180782318,3.72984942793846,
1327,0.000326,4.59236180782318,3.93085445463657,
1328,0.000327,4.39135678112507,3.93085445463657,
1329,0.000328,4.59236180782318,3.93085445463657,
1330,0.000329,4.39135678112507,4.13185948133469,
1331,0.00033,4.39135678112507,3.93085445463657,
1332,0.000331,4.39135678112507,3.93085445463657,
1333,0.000332,4.39135678112507,3.93085445463657,
1334,0.000333,4.39135678112507,4.13185948133469,
1335,0.000334,4.59236180782318,3.93085445463657,
1336,0.000335,4.39135678112507,3.93085445463657,
1337,0.000336,4.39135678112507,3.93085445463657,
1338,0.000337,4.19035175442696,4.13185948133469,
1339,0.000338,4.39135678112507,4.13185948133469,
1340,0.000339,4.39135678112507,4.13185948133469,
1341,0.00034,4.39135678112507,3.93085445463657,
1342,0.000341,4.19035175442696,3.93085445463657,
1343,0.000342,4.39135678112507,3.93085445463657,
1344,0.000343,4.59236180782318,4.13185948133469,
1345,0.000344,4.19035175442696,4.13185948133469,
1346,0.000345,4.19035175442696,3.93085445463657,
1347,0.000346,4.19035175442696,4.13185948133469,
1348,0.000347,4.19035175442696,3.93085445463657,
1349,0.000348,4.39135678112507,3.93085445463657,
1350,0.000349,4.39135678112507,4.13185948133469,
1351,0.00035,4.39135678112507,3.93085445463657,
1352,0.000351,4.39135678112507,3.93085445463657,
1353,0.000352,3.98934672772884,3.93085445463657,
1354,0.000353,4.19035175442696,3.93085445463657,
1355,0.000354,3.98934672772884,3.93085445463657,
1356,0.000355,3.98934672772884,3.93085445463657,
1357,0.000356,3.98934672772884,4.13185948133469,
1358,0.000357,4.19035175442696,4.13185948133469,
1359,0.000358,3.98934672772884,3.93085445463657,
1360,0.000359,4.19035175442696,3.93085445463657,
1361,0.00036,4.19035175442696,3.93085445463657,
1362,0.000361,4.19035175442696,4.13185948133469,
1363,0.000362,3.98934672772884,4.13185948133469,
1364,0.000363,3.98934672772884,4.13185948133469,
1365,0.000364,3.98934672772884,3.93085445463657,
1366,0.000365,3.98934672772884,3.93085445463657,
1367,0.000366,3.98934672772884,3.93085445463657,
1368,0.000367,3.98934672772884,4.13185948133469,
1369,0.000368,3.78834170103073,4.13185948133469,
1370,0.000369,3.78834170103073,4.13185948133469,
1371,0.00037,3.78834170103073,4.13185948133469,
1372,0.000371,3.78834170103073,3.93085445463657,
1373,0.000372,3.78834170103073,3.93085445463657,
1374,0.000373,3.78834170103073,4.13185948133469,
1375,0.000374,3.78834170103073,4.13185948133469,
1376,0.000375,3.78834170103073,3.93085445463657,
1377,0.000376,3.58733667433262,4.13185948133469,
1378,0.000377,3.58733667433262,3.93085445463657,
1379,0.000378,3.58733667433262,3.93085445463657,
1380,0.000379,3.58733667433262,3.72984942793846,
1381,0.00038,3.78834170103073,3.93085445463657,
1382,0.000381,3.58733667433262,3.93085445463657,
1383,0.000382,3.78834170103073,4.13185948133469,
1384,0.000383,3.58733667433262,3.93085445463657,
1385,0.000384,3.58733667433262,3.93085445463657,
1386,0.000385,3.58733667433262,4.13185948133469,
1387,0.000386,3.38633164763451,3.72984942793846,
1388,0.000387,3.38633164763451,3.93085445463657,
1389,0.000388,3.58733667433262,3.93085445463657,
1390,0.000389,3.38633164763451,3.93085445463657,
1391,0.00039,3.58733667433262,3.93085445463657,
1392,0.000391,3.58733667433262,3.93085445463657,
1393,0.000392,3.18532662093639,3.72984942793846,
1394,0.000393,3.38633164763451,3.72984942793846,
1395,0.000394,3.38633164763451,3.93085445463657,
1396,0.000395,3.38633164763451,3.72984942793846,
1397,0.000396,3.38633164763451,3.93085445463657,
1398,0.000397,3.18532662093639,3.72984942793846,
1399,0.000398,3.18532662093639,3.93085445463657,
1400,0.000399,3.18532662093639,3.72984942793846,
1401,0.0004,3.18532662093639,3.72984942793846,
1402,0.000401,3.18532662093639,3.93085445463657,
1403,0.000402,3.18532662093639,3.93085445463657,
1404,0.000403,3.18532662093639,3.93085445463657,
1405,0.000404,2.98432159423828,3.72984942793846,
1406,0.000405,3.18532662093639,3.93085445463657,
1407,0.000406,3.18532662093639,3.93085445463657,
1408,0.000407,2.98432159423828,3.93085445463657,
1409,0.000408,2.98432159423828,3.72984942793846,
1410,0.000409,2.98432159423828,3.52884440124035,
1411,0.00041,2.98432159423828,3.72984942793846,
1412,0.000411,2.98432159423828,3.52884440124035,
1413,0.000412,2.78331656754017,3.72984942793846,
1414,0.000413,2.98432159423828,3.72984942793846,
1415,0.000414,2.78331656754017,3.72984942793846,
1416,0.000415,2.78331656754017,3.72984942793846,
1417,0.000416,2.78331656754017,3.52884440124035,
1418,0.000417,2.98432159423828,3.93085445463657,
1419,0.000418,2.58231154084206,3.72984942793846,
1420,0.000419,2.78331656754017,3.52884440124035,
1421,0.00042,2.58231154084206,3.52884440124035,
1422,0.000421,2.58231154084206,3.52884440124035,
1423,0.000422,2.58231154084206,3.72984942793846,
1424,0.000423,2.78331656754017,3.52884440124035,
1425,0.000424,2.58231154084206,3.52884440124035,
1426,0.000425,2.58231154084206,3.52884440124035,
1427,0.000426,2.58231154084206,3.52884440124035,
1428,0.000427,2.38130651414394,3.52884440124035,
1429,0.000428,2.58231154084206,3.52884440124035,
1430,0.000429,2.58231154084206,3.52884440124035,
1431,0.00043,2.58231154084206,3.52884440124035,
1432,0.000431,2.38130651414394,3.52884440124035,
1433,0.000432,2.38130651414394,3.52884440124035,
1434,0.000433,2.38130651414394,3.52884440124035,
1435,0.000434,2.38130651414394,3.52884440124035,
1436,0.000435,2.38130651414394,3.32783937454224,
1437,0.000436,2.38130651414394,3.52884440124035,
1438,0.000437,2.18030148744583,3.52884440124035,
1439,0.000438,2.18030148744583,3.52884440124035,
1440,0.000439,2.18030148744583,3.32783937454224,
1441,0.00044,2.18030148744583,3.32783937454224,
1442,0.000441,2.18030148744583,3.32783937454224,
1443,0.000442,2.18030148744583,3.32783937454224,
1444,0.000443,1.97929646074772,3.32783937454224,
1445,0.000444,1.97929646074772,3.32783937454224,
1446,0.000445,1.97929646074772,3.32783937454224,
1447,0.000446,2.18030148744583,3.32783937454224,
1448,0.000447,1.77829143404961,3.32783937454224,
1449,0.000448,1.97929646074772,3.32783937454224,
1450,0.000449,1.97929646074772,3.12683434784412,
1451,0.00045,1.97929646074772,3.32783937454224,
1452,0.000451,1.97929646074772,3.12683434784412,
1453,0.000452,1.77829143404961,3.12683434784412,
1454,0.000453,1.77829143404961,3.12683434784412,
1455,0.000454,1.77829143404961,3.12683434784412,
1456,0.000455,1.77829143404961,3.12683434784412,
1457,0.000456,1.77829143404961,3.12683434784412,
1458,0.000457,1.57728640735149,3.12683434784412,
1459,0.000458,1.57728640735149,3.12683434784412,
1460,0.000459,1.57728640735149,3.12683434784412,
1461,0.00046,1.57728640735149,3.12683434784412,
1462,0.000461,1.57728640735149,2.92582932114601,
1463,0.000462,1.57728640735149,2.92582932114601,
1464,0.000463,1.37628138065338,3.12683434784412,
1465,0.000464,1.57728640735149,2.92582932114601,
1466,0.000465,1.57728640735149,2.92582932114601,
1467,0.000466,1.37628138065338,2.92582932114601,
1468,0.000467,1.37628138065338,2.92582932114601,
1469,0.000468,1.37628138065338,2.7248242944479,
1470,0.000469,1.37628138065338,2.7248242944479,
1471,0.00047,1.37628138065338,2.92582932114601,
1472,0.000471,1.17527635395527,2.92582932114601,
1473,0.000472,1.17527635395527,2.92582932114601,
1474,0.000473,1.17527635395527,2.92582932114601,
1475,0.000474,1.17527635395527,2.92582932114601,
1476,0.000475,1.17527635395527,2.92582932114601,
1477,0.000476,1.17527635395527,2.7248242944479,
1478,0.000477,0.974271327257156,2.7248242944479,
1479,0.000478,1.17527635395527,2.7248242944479,
1480,0.000479,1.17527635395527,2.7248242944479,
1481,0.00048,0.974271327257156,2.7248242944479,
1482,0.000481,0.773266300559044,2.7248242944479,
1483,0.000482,0.974271327257156,2.7248242944479,
1484,0.000483,0.974271327257156,2.7248242944479,
1485,0.000484,0.974271327257156,2.7248242944479,
1486,0.000485,0.773266300559044,2.52381926774979,
1487,0.000486,0.773266300559044,2.52381926774979,
1488,0.000487,0.773266300559044,2.52381926774979,
1489,0.000488,0.773266300559044,2.7248242944479,
1490,0.000489,0.773266300559044,2.7248242944479,
1491,0.00049,0.773266300559044,2.52381926774979,
1492,0.000491,0.773266300559044,2.52381926774979,
1493,0.000492,0.773266300559044,2.52381926774979,
1494,0.000493,0.773266300559044,2.32281424105167,
1495,0.000494,0.773266300559044,2.52381926774979,
1496,0.000495,0.371256247162819,2.52381926774979,
1497,0.000496,0.371256247162819,2.52381926774979,
1498,0.000497,0.572261273860931,2.52381926774979,
1499,0.000498,0.572261273860931,2.52381926774979,
1500,0.000499,0.371256247162819,2.32281424105167,
1501,0.0005,0.572261273860931,2.32281424105167,
1502,0.000501,0.371256247162819,2.32281424105167,
1503,0.000502,0.371256247162819,2.32281424105167,
1504,0.000503,0.371256247162819,2.32281424105167,
1505,0.000504,0.371256247162819,2.32281424105167,
1506,0.000505,0.170251220464706,2.12180921435356,
1507,0.000506,0.170251220464706,2.32281424105167,
1508,0.000507,0.170251220464706,2.32281424105167,
1509,0.000508,0.170251220464706,2.32281424105167,
1510,0.000509,-0.0307538062334061,1.92080418765545,
1511,0.00051,0.170251220464706,2.12180921435356,
1512,0.000511,-0.0307538062334061,2.12180921435356,
1513,0.000512,-0.0307538062334061,2.12180921435356,
1514,0.000513,-0.0307538062334061,2.12180921435356,
1515,0.000514,-0.0307538062334061,2.12180921435356,
1516,0.000515,-0.0307538062334061,1.92080418765545,
1517,0.000516,-0.0307538062334061,1.92080418765545,
1518,0.000517,-0.231758832931519,1.92080418765545,
1519,0.000518,-0.0307538062334061,1.92080418765545,
1520,0.000519,-0.231758832931519,1.92080418765545,
1521,0.00052,-0.231758832931519,1.92080418765545,
1522,0.000521,-0.231758832931519,1.92080418765545,
1523,0.000522,-0.231758832931519,1.92080418765545,
1524,0.000523,-0.432763859629631,1.92080418765545,
1525,0.000524,-0.231758832931519,1.92080418765545,
1526,0.000525,-0.432763859629631,1.71979916095734,
1527,0.000526,-0.432763859629631,1.92080418765545,
1528,0.000527,-0.432763859629631,1.71979916095734,
1529,0.000528,-0.231758832931519,1.92080418765545,
1530,0.000529,-0.633768886327744,1.71979916095734,
1531,0.00053,-0.633768886327744,1.71979916095734,
1532,0.000531,-0.432763859629631,1.71979916095734,
1533,0.000532,-0.633768886327744,1.71979916095734,
1534,0.000533,-0.633768886327744,1.71979916095734,
1535,0.000534,-0.633768886327744,1.51879413425922,
1536,0.000535,-0.633768886327744,1.51879413425922,
1537,0.000536,-0.633768886327744,1.71979916095734,
1538,0.000537,-0.633768886327744,1.51879413425922,
1539,0.000538,-0.633768886327744,1.31778910756111,
1540,0.000539,-0.633768886327744,1.51879413425922,
1541,0.00054,-0.834773913025856,1.51879413425922,
1542,0.000541,-0.834773913025856,1.51879413425922,
1543,0.000542,-1.03577893972397,1.31778910756111,
1544,0.000543,-1.03577893972397,1.31778910756111,
1545,0.000544,-0.834773913025856,1.51879413425922,
1546,0.000545,-1.03577893972397,1.51879413425922,
1547,0.000546,-1.23678396642208,1.31778910756111,
1548,0.000547,-1.03577893972397,1.31778910756111,
1549,0.000548,-1.03577893972397,1.31778910756111,
1550,0.000549,-1.23678396642208,1.31778910756111,
1551,0.00055,-1.23678396642208,1.31778910756111,
1552,0.000551,-1.23678396642208,1.31778910756111,
1553,0.000552,-1.23678396642208,1.116784080863,
1554,0.000553,-1.23678396642208,1.116784080863,
1555,0.000554,-1.03577893972397,1.116784080863,
1556,0.000555,-1.23678396642208,1.116784080863,
1557,0.000556,-1.43778899312019,1.116784080863,
1558,0.000557,-1.23678396642208,1.116784080863,
1559,0.000558,-1.43778899312019,1.116784080863,
1560,0.000559,-1.43778899312019,0.915779054164886,
1561,0.00056,-1.43778899312019,1.116784080863,
1562,0.000561,-1.43778899312019,1.116784080863,
1563,0.000562,-1.43778899312019,1.116784080863,
1564,0.000563,-1.63879401981831,0.915779054164886,
1565,0.000564,-1.43778899312019,0.915779054164886,
1566,0.000565,-1.43778899312019,0.714774027466774,
1567,0.000566,-1.63879401981831,0.714774027466774,
1568,0.000567,-1.63879401981831,0.714774027466774,
1569,0.000568,-1.63879401981831,0.714774027466774,
1570,0.000569,-1.63879401981831,0.915779054164886,
1571,0.00057,-1.63879401981831,0.915779054164886,
1572,0.000571,-1.63879401981831,0.714774027466774,
1573,0.000572,-1.63879401981831,0.714774027466774,
1574,0.000573,-1.83979904651642,0.915779054164886,
1575,0.000574,-1.83979904651642,0.714774027466774,
1576,0.000575,-1.83979904651642,0.714774027466774,
1577,0.000576,-1.83979904651642,0.513769000768662,
1578,0.000577,-2.04080407321453,0.513769000768662,
1579,0.000578,-2.04080407321453,0.714774027466774,
1580,0.000579,-2.04080407321453,0.513769000768662,
1581,0.00058,-1.83979904651642,0.714774027466774,
1582,0.000581,-2.04080407321453,0.513769000768662,
1583,0.000582,-2.04080407321453,0.513769000768662,
1584,0.000583,-2.04080407321453,0.513769000768662,
1585,0.000584,-2.24180909991264,0.513769000768662,
1586,0.000585,-2.24180909991264,0.513769000768662,
1587,0.000586,-2.24180909991264,0.312763974070549,
1588,0.000587,-2.24180909991264,0.312763974070549,
1589,0.000588,-2.04080407321453,0.312763974070549,
1590,0.000589,-2.24180909991264,0.312763974070549,
1591,0.00059,-2.44281412661076,0.312763974070549,
1592,0.000591,-2.44281412661076,0.312763974070549,
1593,0.000592,-2.44281412661076,0.111758947372437,
1594,0.000593,-2.24180909991264,0.111758947372437,
1595,0.000594,-2.24180909991264,0.111758947372437,
1596,0.000595,-2.44281412661076,0.312763974070549,
1597,0.000596,-2.64381915330887,0.111758947372437,
1598,0.000597,-2.44281412661076,0.111758947372437,
1599,0.000598,-2.44281412661076,0.111758947372437,
1600,0.000599,-2.44281412661076,0.312763974070549,
1601,0.0006,-2.44281412661076,0.111758947372437,
1602,0.000601,-2.64381915330887,0.111758947372437,
1603,0.000602,-2.64381915330887,-0.089246079325676,
1604,0.000603,-2.64381915330887,0.111758947372437,
1605,0.000604,-2.64381915330887,-0.089246079325676,
1606,0.000605,-2.64381915330887,0.111758947372437,
1607,0.000606,-2.84482418000698,0.111758947372437,
1608,0.000607,-2.64381915330887,-0.089246079325676,
1609,0.000608,-2.64381915330887,-0.089246079325676,
1610,0.000609,-2.84482418000698,-0.089246079325676,
1611,0.00061,-2.84482418000698,-0.089246079325676,
1612,0.000611,-2.64381915330887,-0.290251106023788,
1613,0.000612,-2.84482418000698,-0.290251106023788,
1614,0.000613,-3.04582920670509,-0.089246079325676,
1615,0.000614,-2.84482418000698,-0.290251106023788,
1616,0.000615,-3.04582920670509,-0.491256132721901,
1617,0.000616,-2.84482418000698,-0.491256132721901,
1618,0.000617,-2.84482418000698,-0.290251106023788,
1619,0.000618,-3.04582920670509,-0.491256132721901,
1620,0.000619,-2.84482418000698,-0.290251106023788,
1621,0.00062,-3.04582920670509,-0.491256132721901,
1622,0.000621,-3.04582920670509,-0.491256132721901,
1623,0.000622,-3.04582920670509,-0.491256132721901,
1624,0.000623,-3.24683423340321,-0.491256132721901,
1625,0.000624,-3.04582920670509,-0.491256132721901,
1626,0.000625,-3.24683423340321,-0.692261159420013,
1627,0.000626,-3.24683423340321,-0.491256132721901,
1628,0.000627,-3.04582920670509,-0.290251106023788,
1629,0.000628,-3.24683423340321,-0.491256132721901,
1630,0.000629,-3.44783926010132,-0.491256132721901,
1631,0.00063,-3.24683423340321,-0.692261159420013,
1632,0.000631,-3.24683423340321,-0.491256132721901,
1633,0.000632,-3.44783926010132,-0.692261159420013,
1634,0.000633,-3.44783926010132,-0.692261159420013,
1635,0.000634,-3.44783926010132,-0.692261159420013,
1636,0.000635,-3.44783926010132,-0.893266186118126,
1637,0.000636,-3.44783926010132,-0.893266186118126,
1638,0.000637,-3.44783926010132,-0.692261159420013,
1639,0.000638,-3.44783926010132,-0.692261159420013,
1640,0.000639,-3.64884428679943,-0.893266186118126,
1641,0.00064,-3.64884428679943,-0.893266186118126,
1642,0.000641,-3.64884428679943,-0.893266186118126,
1643,0.000642,-3.44783926010132,-0.893266186118126,
1644,0.000643,-3.64884428679943,-0.893266186118126,
1645,0.000644,-3.64884428679943,-0.893266186118126,
1646,0.000645,-3.64884428679943,-0.893266186118126,
1647,0.000646,-3.64884428679943,-0.893266186118126,
1648,0.000647,-3.84984931349754,-1.09427121281624,
1649,0.000648,-3.84984931349754,-0.893266186118126,
1650,0.000649,-3.64884428679943,-1.09427121281624,
1651,0.00065,-3.84984931349754,-1.09427121281624,
1652,0.000651,-3.84984931349754,-1.09427121281624,
1653,0.000652,-3.84984931349754,-1.09427121281624,
1654,0.000653,-3.84984931349754,-1.09427121281624,
1655,0.000654,-3.84984931349754,-1.29527623951435,
1656,0.000655,-3.84984931349754,-1.29527623951435,
1657,0.000656,-3.84984931349754,-1.29527623951435,
1658,0.000657,-3.64884428679943,-1.09427121281624,
1659,0.000658,-3.84984931349754,-1.29527623951435,
1660,0.000659,-3.84984931349754,-1.29527623951435,
1661,0.00066,-3.84984931349754,-1.29527623951435,
1662,0.000661,-4.05085434019566,-1.29527623951435,
1663,0.000662,-4.05085434019566,-1.29527623951435,
1664,0.000663,-4.05085434019566,-1.49628126621246,
1665,0.000664,-4.05085434019566,-1.29527623951435,
1666,0.000665,-4.25185936689377,-1.49628126621246,
1667,0.000666,-4.05085434019566,-1.49628126621246,
1668,0.000667,-4.05085434019566,-1.69728629291058,
1669,0.000668,-4.25185936689377,-1.69728629291058,
1670,0.000669,-4.05085434019566,-1.49628126621246,
1671,0.00067,-4.25185936689377,-1.49628126621246,
1672,0.000671,-4.05085434019566,-1.69728629291058,
1673,0.000672,-4.25185936689377,-1.69728629291058,
1674,0.000673,-4.25185936689377,-1.69728629291058,
1675,0.000674,-4.25185936689377,-1.69728629291058,
1676,0.000675,-4.25185936689377,-1.49628126621246,
1677,0.000676,-4.25185936689377,-1.69728629291058,
1678,0.000677,-4.25185936689377,-1.69728629291058,
1679,0.000678,-4.25185936689377,-1.49628126621246,
1680,0.000679,-4.25185936689377,-1.89829131960869,
1681,0.00068,-4.25185936689377,-1.89829131960869,
1682,0.000681,-4.25185936689377,-1.69728629291058,
1683,0.000682,-4.25185936689377,-1.89829131960869,
1684,0.000683,-4.25185936689377,-2.0992963463068,
1685,0.000684,-4.05085434019566,-1.89829131960869,
1686,0.000685,-4.25185936689377,-1.89829131960869,
1687,0.000686,-4.45286439359188,-1.89829131960869,
1688,0.000687,-4.45286439359188,-1.89829131960869,
1689,0.000688,-4.45286439359188,-1.89829131960869,
1690,0.000689,-4.45286439359188,-1.89829131960869,
1691,0.00069,-4.45286439359188,-2.0992963463068,
1692,0.000691,-4.45286439359188,-2.0992963463068,
1693,0.000692,-4.45286439359188,-1.89829131960869,
1694,0.000693,-4.45286439359188,-2.0992963463068,
1695,0.000694,-4.45286439359188,-2.0992963463068,
1696,0.000695,-4.65386942028999,-2.0992963463068,
1697,0.000696,-4.45286439359188,-2.30030137300491,
1698,0.000697,-4.45286439359188,-2.30030137300491,
1699,0.000698,-4.45286439359188,-2.30030137300491,
1700,0.000699,-4.45286439359188,-2.0992963463068,
1701,0.0007,-4.45286439359188,-2.30030137300491,
1702,0.000701,-4.45286439359188,-2.30030137300491,
1703,0.000702,-4.65386942028999,-2.30030137300491,
1704,0.000703,-4.65386942028999,-2.0992963463068,
1705,0.000704,-4.65386942028999,-2.30030137300491,
1706,0.000705,-4.65386942028999,-2.30030137300491,
1707,0.000706,-4.65386942028999,-2.50130639970303,
1708,0.000707,-4.65386942028999,-2.50130639970303,
1709,0.000708,-4.65386942028999,-2.30030137300491,
1710,0.000709,-4.65386942028999,-2.50130639970303,
1711,0.00071,-4.65386942028999,-2.30030137300491,
1712,0.000711,-4.65386942028999,-2.50130639970303,
1713,0.000712,-4.65386942028999,-2.50130639970303,
1714,0.000713,-4.85487444698811,-2.50130639970303,
1715,0.000714,-4.85487444698811,-2.30030137300491,
1716,0.000715,-4.85487444698811,-2.50130639970303,
1717,0.000716,-4.65386942028999,-2.70231142640114,
1718,0.000717,-4.85487444698811,-2.50130639970303,
1719,0.000718,-4.85487444698811,-2.70231142640114,
1720,0.000719,-4.65386942028999,-2.50130639970303,
1721,0.00072,-4.65386942028999,-2.70231142640114,
1722,0.000721,-4.85487444698811,-2.70231142640114,
1723,0.000722,-4.85487444698811,-2.70231142640114,
1724,0.000723,-4.85487444698811,-2.70231142640114,
1725,0.000724,-4.85487444698811,-2.90331645309925,
1726,0.000725,-4.85487444698811,-2.70231142640114,
1727,0.000726,-4.85487444698811,-2.90331645309925,
1728,0.000727,-4.65386942028999,-2.70231142640114,
1729,0.000728,-4.85487444698811,-2.90331645309925,
1730,0.000729,-4.65386942028999,-2.90331645309925,
1731,0.00073,-4.85487444698811,-2.90331645309925,
1732,0.000731,-4.85487444698811,-2.90331645309925,
1733,0.000732,-4.85487444698811,-2.90331645309925,
1734,0.000733,-4.85487444698811,-2.90331645309925,
1735,0.000734,-4.85487444698811,-3.10432147979736,
1736,0.000735,-4.85487444698811,-2.90331645309925,
1737,0.000736,-4.85487444698811,-3.10432147979736,
1738,0.000737,-4.65386942028999,-2.90331645309925,
1739,0.000738,-4.85487444698811,-2.70231142640114,
1740,0.000739,-5.05587947368622,-3.10432147979736,
1741,0.00074,-5.05587947368622,-3.10432147979736,
1742,0.000741,-5.05587947368622,-3.10432147979736,
1743,0.000742,-4.85487444698811,-3.10432147979736,
1744,0.000743,-4.85487444698811,-2.90331645309925,
1745,0.000744,-4.85487444698811,-3.10432147979736,
1746,0.000745,-4.85487444698811,-3.10432147979736,
1747,0.000746,-4.85487444698811,-3.10432147979736,
1748,0.000747,-5.05587947368622,-3.30532650649548,
1749,0.000748,-4.85487444698811,-3.10432147979736,
1750,0.000749,-5.05587947368622,-3.10432147979736,
1751,0.00075,-4.85487444698811,-3.10432147979736,
1752,0.000751,-4.85487444698811,-3.30532650649548,
1753,0.000752,-5.05587947368622,-3.10432147979736,
1754,0.000753,-4.85487444698811,-3.10432147979736,
1755,0.000754,-5.05587947368622,-3.30532650649548,
1756,0.000755,-5.05587947368622,-3.30532650649548,
1757,0.000756,-4.85487444698811,-3.30532650649548,
1758,0.000757,-5.05587947368622,-3.30532650649548,
1759,0.000758,-4.85487444698811,-3.30532650649548,
1760,0.000759,-5.05587947368622,-3.30532650649548,
1761,0.00076,-5.05587947368622,-3.30532650649548,
1762,0.000761,-5.05587947368622,-3.30532650649548,
1763,0.000762,-5.05587947368622,-3.30532650649548,
1764,0.000763,-4.85487444698811,-3.30532650649548,
1765,0.000764,-5.05587947368622,-3.30532650649548,
1766,0.000765,-5.05587947368622,-3.50633153319359,
1767,0.000766,-4.85487444698811,-3.50633153319359,
1768,0.000767,-5.05587947368622,-3.50633153319359,
1769,0.000768,-5.05587947368622,-3.50633153319359,
1770,0.000769,-5.05587947368622,-3.50633153319359,
1771,0.00077,-4.85487444698811,-3.50633153319359,
1772,0.000771,-4.85487444698811,-3.30532650649548,
1773,0.000772,-5.05587947368622,-3.7073365598917,
1774,0.000773,-4.85487444698811,-3.50633153319359,
1775,0.000774,-4.85487444698811,-3.30532650649548,
1776,0.000775,-5.05587947368622,-3.50633153319359,
1777,0.000776,-5.05587947368622,-3.50633153319359,
1778,0.000777,-4.85487444698811,-3.7073365598917,
1779,0.000778,-5.05587947368622,-3.7073365598917,
1780,0.000779,-5.05587947368622,-3.7073365598917,
1781,0.00078,-5.05587947368622,-3.50633153319359,
1782,0.000781,-5.05587947368622,-3.7073365598917,
1783,0.000782,-4.85487444698811,-3.50633153319359,
1784,0.000783,-4.85487444698811,-3.7073365598917,
1785,0.000784,-4.85487444698811,-3.7073365598917,
1786,0.000785,-4.85487444698811,-3.7073365598917,
1787,0.000786,-4.85487444698811,-3.7073365598917,
1788,0.000787,-5.05587947368622,-3.7073365598917,
1789,0.000788,-4.85487444698811,-3.7073365598917,
1790,0.000789,-5.05587947368622,-3.7073365598917,
1791,0.00079,-4.85487444698811,-3.7073365598917,
1792,0.000791,-4.85487444698811,-3.90834158658981,
1793,0.000792,-4.85487444698811,-3.90834158658981,
1794,0.000793,-4.85487444698811,-3.90834158658981,
1795,0.000794,-4.85487444698811,-3.90834158658981,
1796,0.000795,-4.85487444698811,-3.7073365598917,
1797,0.000796,-5.05587947368622,-3.7073365598917,
1798,0.000797,-4.85487444698811,-3.90834158658981,
1799,0.000798,-4.85487444698811,-3.90834158658981,
1800,0.000799,-4.85487444698811,-3.90834158658981,
1801,0.0008,-5.05587947368622,-3.90834158658981,
1802,0.000801,-4.85487444698811,-3.7073365598917,
1803,0.000802,-4.85487444698811,-3.90834158658981,
1804,0.000803,-4.85487444698811,-3.90834158658981,
1805,0.000804,-5.05587947368622,-3.90834158658981,
1806,0.000805,-4.85487444698811,-3.7073365598917,
1807,0.000806,-4.85487444698811,-3.90834158658981,
1808,0.000807,-4.65386942028999,-3.90834158658981,
1809,0.000808,-4.85487444698811,-3.90834158658981,
1810,0.000809,-4.85487444698811,-3.90834158658981,
1811,0.00081,-4.85487444698811,-3.90834158658981,
1812,0.000811,-4.85487444698811,-3.90834158658981,
1813,0.000812,-4.65386942028999,-3.90834158658981,
1814,0.000813,-4.85487444698811,-3.90834158658981,
1815,0.000814,-4.65386942028999,-3.90834158658981,
1816,0.000815,-4.85487444698811,-3.90834158658981,
1817,0.000816,-4.65386942028999,-4.10934661328793,
1818,0.000817,-4.65386942028999,-4.10934661328793,
1819,0.000818,-4.85487444698811,-4.10934661328793,
1820,0.000819,-4.65386942028999,-4.10934661328793,
1821,0.00082,-4.65386942028999,-4.10934661328793,
1822,0.000821,-4.85487444698811,-3.90834158658981,
1823,0.000822,-4.65386942028999,-4.10934661328793,
1824,0.000823,-4.65386942028999,-4.10934661328793,
1825,0.000824,-4.65386942028999,-3.90834158658981,
1826,0.000825,-4.65386942028999,-4.10934661328793,
1827,0.000826,-4.65386942028999,-4.10934661328793,
1828,0.000827,-4.45286439359188,-3.90834158658981,
1829,0.000828,-4.65386942028999,-3.90834158658981,
1830,0.000829,-4.65386942028999,-4.31035163998604,
1831,0.00083,-4.65386942028999,-3.90834158658981,
1832,0.000831,-4.65386942028999,-4.10934661328793,
1833,0.000832,-4.45286439359188,-3.90834158658981,
1834,0.000833,-4.65386942028999,-4.10934661328793,
1835,0.000834,-4.65386942028999,-4.10934661328793,
1836,0.000835,-4.45286439359188,-4.10934661328793,
1837,0.000836,-4.45286439359188,-4.10934661328793,
1838,0.000837,-4.45286439359188,-4.10934661328793,
1839,0.000838,-4.45286439359188,-4.10934661328793,
1840,0.000839,-4.45286439359188,-4.10934661328793,
1841,0.00084,-4.25185936689377,-4.10934661328793,
1842,0.000841,-4.45286439359188,-4.10934661328793,
1843,0.000842,-4.45286439359188,-4.10934661328793,
1844,0.000843,-4.45286439359188,-4.10934661328793,
1845,0.000844,-4.25185936689377,-4.31035163998604,
1846,0.000845,-4.45286439359188,-4.10934661328793,
1847,0.000846,-4.45286439359188,-4.10934661328793,
1848,0.000847,-4.25185936689377,-4.10934661328793,
1849,0.000848,-4.25185936689377,-4.10934661328793,
1850,0.000849,-4.45286439359188,-4.10934661328793,
1851,0.00085,-4.25185936689377,-3.90834158658981,
1852,0.000851,-4.45286439359188,-4.10934661328793,
1853,0.000852,-4.25185936689377,-4.10934661328793,
1854,0.000853,-4.25185936689377,-4.10934661328793,
1855,0.000854,-4.25185936689377,-4.10934661328793,
1856,0.000855,-4.05085434019566,-4.10934661328793,
1857,0.000856,-4.25185936689377,-4.10934661328793,
1858,0.000857,-4.45286439359188,-4.10934661328793,
1859,0.000858,-4.25185936689377,-4.10934661328793,
1860,0.000859,-4.25185936689377,-4.10934661328793,
1861,0.00086,-4.05085434019566,-4.10934661328793,
1862,0.000861,-4.05085434019566,-4.31035163998604,
1863,0.000862,-4.05085434019566,-4.10934661328793,
1864,0.000863,-4.05085434019566,-4.10934661328793,
1865,0.000864,-4.05085434019566,-4.10934661328793,
1866,0.000865,-4.05085434019566,-4.10934661328793,
1867,0.000866,-4.25185936689377,-4.10934661328793,
1868,0.000867,-4.05085434019566,-4.10934661328793,
1869,0.000868,-4.05085434019566,-4.10934661328793,
1870,0.000869,-4.05085434019566,-4.10934661328793,
1871,0.00087,-3.84984931349754,-4.10934661328793,
1872,0.000871,-3.84984931349754,-4.10934661328793,
1873,0.000872,-4.05085434019566,-4.10934661328793,
1874,0.000873,-3.84984931349754,-4.10934661328793,
1875,0.000874,-3.64884428679943,-4.10934661328793,
1876,0.000875,-3.84984931349754,-4.10934661328793,
1877,0.000876,-3.84984931349754,-3.90834158658981,
1878,0.000877,-3.84984931349754,-3.90834158658981,
1879,0.000878,-3.84984931349754,-4.10934661328793,
1880,0.000879,-3.84984931349754,-4.10934661328793,
1881,0.00088,-3.64884428679943,-4.10934661328793,
1882,0.000881,-3.84984931349754,-3.90834158658981,
1883,0.000882,-3.64884428679943,-3.90834158658981,
1884,0.000883,-3.64884428679943,-4.10934661328793,
1885,0.000884,-3.84984931349754,-4.10934661328793,
1886,0.000885,-3.84984931349754,-4.10934661328793,
1887,0.000886,-3.84984931349754,-4.10934661328793,
1888,0.000887,-3.44783926010132,-3.90834158658981,
1889,0.000888,-3.64884428679943,-4.10934661328793,
1890,0.000889,-3.64884428679943,-3.90834158658981,
1891,0.00089,-3.64884428679943,-3.90834158658981,
1892,0.000891,-3.44783926010132,-3.90834158658981,
1893,0.000892,-3.44783926010132,-4.10934661328793,
1894,0.000893,-3.24683423340321,-3.90834158658981,
1895,0.000894,-3.44783926010132,-3.90834158658981,
1896,0.000895,-3.44783926010132,-4.10934661328793,
1897,0.000896,-3.24683423340321,-4.10934661328793,
1898,0.000897,-3.44783926010132,-4.10934661328793,
1899,0.000898,-3.44783926010132,-3.90834158658981,
1900,0.000899,-3.44783926010132,-4.10934661328793,
1901,0.0009,-3.24683423340321,-3.90834158658981,
1902,0.000901,-3.24683423340321,-3.90834158658981,
1903,0.000902,-3.44783926010132,-3.90834158658981,
1904,0.000903,-3.24683423340321,-3.7073365598917,
1905,0.000904,-3.04582920670509,-3.90834158658981,
1906,0.000905,-3.24683423340321,-3.90834158658981,
1907,0.000906,-3.24683423340321,-3.90834158658981,
1908,0.000907,-3.24683423340321,-3.90834158658981,
1909,0.000908,-3.24683423340321,-3.7073365598917,
1910,0.000909,-3.04582920670509,-3.7073365598917,
1911,0.00091,-3.04582920670509,-3.7073365598917,
1912,0.000911,-3.04582920670509,-3.7073365598917,
1913,0.000912,-3.04582920670509,-3.7073365598917,
1914,0.000913,-3.04582920670509,-3.90834158658981,
1915,0.000914,-2.84482418000698,-3.90834158658981,
1916,0.000915,-3.04582920670509,-3.7073365598917,
1917,0.000916,-3.04582920670509,-3.7073365598917,
1918,0.000917,-3.04582920670509,-3.7073365598917,
1919,0.000918,-2.84482418000698,-3.7073365598917,
1920,0.000919,-3.04582920670509,-3.7073365598917,
1921,0.00092,-2.84482418000698,-3.7073365598917,
1922,0.000921,-2.84482418000698,-3.7073365598917,
1923,0.000922,-2.84482418000698,-3.7073365598917,
1924,0.000923,-2.84482418000698,-3.7073365598917,
1925,0.000924,-2.64381915330887,-3.7073365598917,
1926,0.000925,-2.84482418000698,-3.7073365598917,
1927,0.000926,-2.64381915330887,-3.50633153319359,
1928,0.000927,-2.84482418000698,-3.50633153319359,
1929,0.000928,-2.84482418000698,-3.50633153319359,
1930,0.000929,-2.64381915330887,-3.50633153319359,
1931,0.00093,-2.44281412661076,-3.50633153319359,
1932,0.000931,-2.44281412661076,-3.7073365598917,
1933,0.000932,-2.64381915330887,-3.7073365598917,
1934,0.000933,-2.64381915330887,-3.50633153319359,
1935,0.000934,-2.44281412661076,-3.50633153319359,
1936,0.000935,-2.44281412661076,-3.30532650649548,
1937,0.000936,-2.44281412661076,-3.50633153319359,
1938,0.000937,-2.44281412661076,-3.50633153319359,
1939,0.000938,-2.44281412661076,-3.50633153319359,
1940,0.000939,-2.24180909991264,-3.50633153319359,
1941,0.00094,-2.24180909991264,-3.30532650649548,
1942,0.000941,-2.24180909991264,-3.30532650649548,
1943,0.000942,-2.44281412661076,-3.50633153319359,
1944,0.000943,-2.24180909991264,-3.50633153319359,
1945,0.000944,-2.24180909991264,-3.30532650649548,
1946,0.000945,-2.24180909991264,-3.30532650649548,
1947,0.000946,-2.04080407321453,-3.30532650649548,
1948,0.000947,-2.24180909991264,-3.30532650649548,
1949,0.000948,-2.24180909991264,-3.30532650649548,
1950,0.000949,-2.04080407321453,-3.30532650649548,
1951,0.00095,-2.04080407321453,-3.30532650649548,
1952,0.000951,-2.04080407321453,-3.30532650649548,
1953,0.000952,-2.04080407321453,-3.30532650649548,
1954,0.000953,-2.04080407321453,-3.10432147979736,
1955,0.000954,-1.83979904651642,-3.10432147979736,
1956,0.000955,-1.83979904651642,-3.10432147979736,
1957,0.000956,-1.63879401981831,-3.10432147979736,
1958,0.000957,-1.83979904651642,-3.30532650649548,
1959,0.000958,-1.83979904651642,-3.10432147979736,
1960,0.000959,-1.83979904651642,-3.10432147979736,
1961,0.00096,-1.83979904651642,-3.10432147979736,
1962,0.000961,-1.83979904651642,-3.10432147979736,
1963,0.000962,-1.83979904651642,-3.10432147979736,
1964,0.000963,-1.63879401981831,-2.90331645309925,
1965,0.000964,-1.63879401981831,-2.90331645309925,
1966,0.000965,-1.43778899312019,-3.10432147979736,
1967,0.000966,-1.63879401981831,-3.10432147979736,
1968,0.000967,-1.43778899312019,-3.10432147979736,
1969,0.000968,-1.43778899312019,-3.10432147979736,
1970,0.000969,-1.63879401981831,-2.90331645309925,
1971,0.00097,-1.43778899312019,-2.90331645309925,
1972,0.000971,-1.43778899312019,-2.90331645309925,
1973,0.000972,-1.23678396642208,-2.90331645309925,
1974,0.000973,-1.43778899312019,-2.90331645309925,
1975,0.000974,-1.43778899312019,-2.90331645309925,
1976,0.000975,-1.23678396642208,-2.90331645309925,
1977,0.000976,-1.03577893972397,-2.90331645309925,
1978,0.000977,-1.03577893972397,-2.90331645309925,
1979,0.000978,-1.23678396642208,-2.70231142640114,
1980,0.000979,-1.23678396642208,-2.70231142640114,
1981,0.00098,-1.03577893972397,-2.70231142640114,
1982,0.000981,-1.03577893972397,-2.70231142640114,
1983,0.000982,-1.03577893972397,-2.70231142640114,
1984,0.000983,-1.03577893972397,-2.70231142640114,
1985,0.000984,-1.03577893972397,-2.70231142640114,
1986,0.000985,-1.03577893972397,-2.70231142640114,
1987,0.000986,-1.03577893972397,-2.70231142640114,
1988,0.000987,-0.834773913025856,-2.70231142640114,
1989,0.000988,-0.834773913025856,-2.70231142640114,
1990,0.000989,-1.03577893972397,-2.70231142640114,
1991,0.00099,-0.834773913025856,-2.50130639970303,
1992,0.000991,-0.834773913025856,-2.50130639970303,
1993,0.000992,-0.834773913025856,-2.70231142640114,
1994,0.000993,-0.834773913025856,-2.30030137300491,
1995,0.000994,-0.834773913025856,-2.70231142640114,
1996,0.000995,-0.633768886327744,-2.70231142640114,
1997,0.000996,-0.633768886327744,-2.50130639970303,
1998,0.000997,-0.432763859629631,-2.30030137300491,
1999,0.000998,-0.633768886327744,-2.50130639970303,
2000,0.000999,-0.432763859629631,-2.50130639970303,
