Address,TCPIP0::192.168.21.71::hislip0::INSTR
Model,EDUX1052A
Serial Number,CN65380116
Start Time,2026-09-8 15:45:37

Sample Count,Time(s),1(VOLT),2(VOLT),
1,-0.0010000000475,-0.351758956909,-2.34030151367,
2,-0.000999000039883,-0.351758956909,-2.34030151367,
3,-0.000998000032268,-0.552763938904,-2.34030151367,
4,-0.000997000024654,-0.351758956909,-2.34030151367,
5,-0.000996000017039,-0.351758956909,-2.34030151367,
6,-0.000995000009425,-0.150753974915,-2.34030151367,
7,-0.00099400000181,-0.150753974915,-2.34030151367,
8,-0.000992999994196,-0.150753974915,-2.13929653168,
9,-0.000991999986582,-0.150753974915,-2.13929653168,
10,-0.000990999978967,-0.150753974915,-2.13929653168,
11,-0.000989999971353,-0.150753974915,-2.13929653168,
12,-0.000988999963738,-0.150753974915,-2.13929653168,
13,-0.000987999956124,0.0502510070801,-2.13929653168,
14,-0.000986999948509,0.0502510070801,-2.13929653168,
15,-0.00098600005731,0.0502510070801,-2.13929653168,
16,-0.000985000049695,0.251255989075,-2.13929653168,
17,-0.000984000042081,0.251255989075,-1.93829154968,
18,-0.000983000034466,0.251255989075,-1.93829154968,
19,-0.000982000026852,0.251255989075,-1.93829154968,
20,-0.000981000019237,0.251255989075,-1.93829154968,
21,-0.000980000011623,0.251255989075,-1.93829154968,
22,-0.000979000004008,0.452260971069,-1.93829154968,
23,-0.000977999996394,0.251255989075,-1.93829154968,
24,-0.000976999988779,0.452260971069,-1.93829154968,
25,-0.000975999981165,0.251255989075,-1.93829154968,
26,-0.00097499997355,0.251255989075,-1.93829154968,
27,-0.000974000024144,0.452260971069,-1.93829154968,
28,-0.000973000016529,0.452260971069,-1.73728656769,
29,-0.000972000008915,0.452260971069,-1.73728656769,
30,-0.0009710000013,0.452260971069,-1.73728656769,
31,-0.000969999993686,0.653265953064,-1.53628158569,
32,-0.000968999986071,0.653265953064,-1.73728656769,
33,-0.000967999978457,0.653265953064,-1.73728656769,
34,-0.00096700002905,0.653265953064,-1.73728656769,
35,-0.000966000021435,0.854271888733,-1.53628158569,
36,-0.000965000013821,0.653265953064,-1.53628158569,
37,-0.000964000006206,0.653265953064,-1.53628158569,
38,-0.000962999998592,0.854271888733,-1.73728656769,
39,-0.000961999990977,0.854271888733,-1.53628158569,
40,-0.000960999983363,0.854271888733,-1.73728656769,
41,-0.000959999975748,0.854271888733,-1.53628158569,
42,-0.000959000026342,0.854271888733,-1.53628158569,
43,-0.000958000018727,0.854271888733,-1.53628158569,
44,-0.000957000011113,0.854271888733,-1.53628158569,
45,-0.000956000003498,0.854271888733,-1.3352766037,
46,-0.000954999995884,1.05527687073,-1.53628158569,
47,-0.000953999988269,1.05527687073,-1.3352766037,
48,-0.000952999980655,1.05527687073,-1.53628158569,
49,-0.00095199997304,1.05527687073,-1.3352766037,
50,-0.000951000023633,1.05527687073,-1.3352766037,
51,-0.000950000016019,1.25628185272,-1.3352766037,
52,-0.000949000008404,1.05527687073,-1.1342716217,
53,-0.00094800000079,1.25628185272,-1.3352766037,
54,-0.000946999993175,1.25628185272,-1.3352766037,
55,-0.000945999985561,1.25628185272,-1.1342716217,
56,-0.000944999977946,1.25628185272,-1.1342716217,
57,-0.000944000028539,1.25628185272,-1.1342716217,
58,-0.000943000020925,1.25628185272,-1.3352766037,
59,-0.00094200001331,1.25628185272,-1.1342716217,
60,-0.000941000005696,1.25628185272,-1.1342716217,
61,-0.000939999998081,1.65829181671,-1.1342716217,
62,-0.000938999990467,1.45728683472,-1.3352766037,
63,-0.000937999982852,1.45728683472,-1.3352766037,
64,-0.000936999975238,1.65829181671,-0.933265686035,
65,-0.000936000025831,1.45728683472,-0.933265686035,
66,-0.000935000018217,1.85929679871,-1.1342716217,
67,-0.000934000010602,1.45728683472,-1.1342716217,
68,-0.000933000002988,1.65829181671,-0.933265686035,
69,-0.000931999995373,1.65829181671,-0.933265686035,
70,-0.000930999987759,1.85929679871,-0.933265686035,
71,-0.000929999980144,1.65829181671,-0.933265686035,
72,-0.00092899997253,1.65829181671,-0.933265686035,
73,-0.000928000023123,1.65829181671,-0.732260704041,
74,-0.000927000015508,1.65829181671,-0.732260704041,
75,-0.000926000007894,1.85929679871,-0.732260704041,
76,-0.000925000000279,1.65829181671,-0.933265686035,
77,-0.000923999992665,1.85929679871,-0.732260704041,
78,-0.00092299998505,2.0603017807,-0.732260704041,
79,-0.000921999977436,2.0603017807,-0.732260704041,
80,-0.000921000028029,1.85929679871,-0.531255722046,
81,-0.000920000020415,2.0603017807,-0.531255722046,
82,-0.0009190000128,2.0603017807,-0.732260704041,
83,-0.000918000005186,2.0603017807,-0.531255722046,
84,-0.000916999997571,2.0603017807,-0.531255722046,
85,-0.000915999989957,2.2613067627,-0.531255722046,
86,-0.000914999982342,2.2613067627,-0.330250740051,
87,-0.000913999974728,2.0603017807,-0.531255722046,
88,-0.000913000025321,2.2613067627,-0.531255722046,
89,-0.000912000017706,2.2613067627,-0.531255722046,
90,-0.000911000010092,2.2613067627,-0.330250740051,
91,-0.000910000002477,2.46231174469,-0.330250740051,
92,-0.000908999994863,2.46231174469,-0.330250740051,
93,-0.000907999987248,2.2613067627,-0.330250740051,
94,-0.000906999979634,2.46231174469,-0.330250740051,
95,-0.000905999972019,2.46231174469,-0.129245758057,
96,-0.000905000022613,2.46231174469,-0.330250740051,
97,-0.000904000014998,2.2613067627,-0.330250740051,
98,-0.000903000007384,2.46231174469,-0.531255722046,
99,-0.000901999999769,2.2613067627,-0.330250740051,
100,-0.000900999992155,2.46231174469,-0.129245758057,
101,-0.00089999998454,2.46231174469,-0.129245758057,
102,-0.000898999976926,2.66331672668,-0.129245758057,
103,-0.000898000027519,2.66331672668,-0.129245758057,
104,-0.000897000019904,2.66331672668,-0.129245758057,
105,-0.00089600001229,2.66331672668,-0.129245758057,
106,-0.000895000004675,2.66331672668,-0.129245758057,
107,-0.000893999997061,2.86432170868,0.071759223938,
108,-0.000892999989446,2.66331672668,0.071759223938,
109,-0.000891999981832,2.66331672668,0.071759223938,
110,-0.000890999974217,2.86432170868,0.071759223938,
111,-0.00089000002481,2.86432170868,0.272764205933,
112,-0.000889000017196,2.86432170868,0.071759223938,
113,-0.000888000009581,2.86432170868,0.272764205933,
114,-0.000887000001967,2.86432170868,0.071759223938,
115,-0.000885999994352,2.86432170868,0.071759223938,
116,-0.000884999986738,2.86432170868,0.272764205933,
117,-0.000883999979123,2.86432170868,0.071759223938,
118,-0.000882999971509,2.86432170868,0.272764205933,
119,-0.000882000022102,3.26633167267,0.272764205933,
120,-0.000881000014488,3.06532669067,0.272764205933,
121,-0.000880000006873,3.06532669067,0.272764205933,
122,-0.000878999999259,3.06532669067,0.272764205933,
123,-0.000877999991644,3.06532669067,0.272764205933,
124,-0.00087699998403,3.06532669067,0.473769187927,
125,-0.000875999976415,3.26633167267,0.473769187927,
126,-0.000875000027008,3.26633167267,0.473769187927,
127,-0.000874000019394,3.26633167267,0.473769187927,
128,-0.000873000011779,3.26633167267,0.674774169922,
129,-0.000872000004165,3.06532669067,0.674774169922,
130,-0.00087099999655,3.26633167267,0.473769187927,
131,-0.000869999988936,3.26633167267,0.674774169922,
132,-0.000868999981321,3.26633167267,0.473769187927,
133,-0.000867999973707,3.26633167267,0.674774169922,
134,-0.0008670000243,3.26633167267,0.674774169922,
135,-0.000866000016686,3.26633167267,0.674774169922,
136,-0.000865000009071,3.26633167267,0.674774169922,
137,-0.000864000001457,3.46733665466,0.674774169922,
138,-0.000862999993842,3.46733665466,0.875779151917,
139,-0.000861999986228,3.46733665466,0.875779151917,
140,-0.000860999978613,3.46733665466,0.674774169922,
141,-0.000859999970999,3.46733665466,0.674774169922,
142,-0.000859000021592,3.66834163666,0.875779151917,
143,-0.000858000013977,3.66834163666,0.875779151917,
144,-0.000857000006363,3.66834163666,0.875779151917,
145,-0.000855999998748,3.46733665466,0.875779151917,
146,-0.000854999991134,3.66834163666,1.07678413391,
147,-0.000853999983519,3.66834163666,1.07678413391,
148,-0.000852999975905,3.66834163666,0.875779151917,
149,-0.000852000026498,3.46733665466,0.875779151917,
150,-0.000851000018883,3.66834163666,1.07678413391,
151,-0.000850000011269,3.66834163666,1.07678413391,
152,-0.000849000003655,3.66834163666,1.07678413391,
153,-0.00084799999604,3.86934661865,1.07678413391,
154,-0.000846999988426,3.86934661865,1.07678413391,
155,-0.000845999980811,3.86934661865,1.07678413391,
156,-0.000844999973197,3.86934661865,1.07678413391,
157,-0.00084400002379,3.86934661865,1.07678413391,
158,-0.000843000016175,3.86934661865,1.07678413391,
159,-0.000842000008561,3.66834163666,1.27778911591,
160,-0.000841000000946,3.66834163666,1.27778911591,
161,-0.000839999993332,3.86934661865,1.27778911591,
162,-0.000838999985717,4.07035160065,1.27778911591,
163,-0.000837999978103,3.86934661865,1.27778911591,
164,-0.000837000028696,4.07035160065,1.07678413391,
165,-0.000836000021081,4.07035160065,1.4787940979,
166,-0.000835000013467,3.86934661865,1.4787940979,
167,-0.000834000005852,3.86934661865,1.4787940979,
168,-0.000832999998238,3.86934661865,1.4787940979,
169,-0.000831999990623,4.07035160065,1.4787940979,
170,-0.000830999983009,4.07035160065,1.4787940979,
171,-0.000829999975394,4.27135658264,1.6797990799,
172,-0.000829000025988,3.86934661865,1.4787940979,
173,-0.000828000018373,4.07035160065,1.6797990799,
174,-0.000827000010759,4.07035160065,1.6797990799,
175,-0.000826000003144,4.07035160065,1.4787940979,
176,-0.00082499999553,4.27135658264,1.6797990799,
177,-0.000823999987915,4.27135658264,1.6797990799,
178,-0.000822999980301,4.07035160065,1.6797990799,
179,-0.000821999972686,4.27135658264,1.4787940979,
180,-0.000821000023279,4.07035160065,1.6797990799,
181,-0.000820000015665,4.27135658264,1.6797990799,
182,-0.00081900000805,4.27135658264,1.6797990799,
183,-0.000818000000436,4.47236156464,1.6797990799,
184,-0.000816999992821,4.27135658264,1.88080406189,
185,-0.000815999985207,4.27135658264,1.88080406189,
186,-0.000814999977592,4.27135658264,1.88080406189,
187,-0.000814000028186,4.27135658264,1.88080406189,
188,-0.000813000020571,4.47236156464,1.88080406189,
189,-0.000812000012957,4.47236156464,1.88080406189,
190,-0.000811000005342,4.47236156464,1.88080406189,
191,-0.000809999997728,4.27135658264,2.08180904388,
192,-0.000808999990113,4.27135658264,2.08180904388,
193,-0.000807999982499,4.47236156464,2.08180904388,
194,-0.000806999974884,4.47236156464,2.08180904388,
195,-0.000806000025477,4.47236156464,2.08180904388,
196,-0.000805000017863,4.47236156464,2.08180904388,
197,-0.000804000010248,4.47236156464,2.08180904388,
198,-0.000803000002634,4.47236156464,2.08180904388,
199,-0.000801999995019,4.47236156464,2.08180904388,
200,-0.000800999987405,4.47236156464,2.28281450272,
201,-0.00079999997979,4.47236156464,2.08180904388,
202,-0.000798999972176,4.47236156464,2.28281450272,
203,-0.000798000022769,4.47236156464,2.28281450272,
204,-0.000797000015154,4.47236156464,2.28281450272,
205,-0.00079600000754,4.47236156464,2.28281450272,
206,-0.000794999999925,4.47236156464,2.08180904388,
207,-0.000793999992311,4.47236156464,2.28281450272,
208,-0.000792999984697,4.67336654663,2.48381948471,
209,-0.000791999977082,4.67336654663,2.28281450272,
210,-0.000791000027675,4.67336654663,2.28281450272,
211,-0.000790000020061,4.67336654663,2.28281450272,
212,-0.000789000012446,4.67336654663,2.28281450272,
213,-0.000788000004832,4.67336654663,2.48381948471,
214,-0.000786999997217,4.67336654663,2.28281450272,
215,-0.000785999989603,4.67336654663,2.28281450272,
216,-0.000784999981988,4.67336654663,2.28281450272,
217,-0.000783999974374,4.67336654663,2.48381948471,
218,-0.000783000024967,4.67336654663,2.68482446671,
219,-0.000782000017352,4.67336654663,2.48381948471,
220,-0.000781000009738,4.67336654663,2.48381948471,
221,-0.000780000002123,4.87437152863,2.68482446671,
222,-0.000778999994509,4.67336654663,2.48381948471,
223,-0.000777999986894,4.67336654663,2.68482446671,
224,-0.00077699997928,4.87437152863,2.68482446671,
225,-0.000775999971665,4.67336654663,2.48381948471,
226,-0.000775000022259,4.67336654663,2.8858294487,
227,-0.000774000014644,4.67336654663,2.68482446671,
228,-0.00077300000703,4.67336654663,2.68482446671,
229,-0.000771999999415,4.87437152863,2.68482446671,
230,-0.000770999991801,4.67336654663,2.68482446671,
231,-0.000769999984186,4.67336654663,2.68482446671,
232,-0.000768999976572,4.87437152863,2.68482446671,
233,-0.000768000027165,4.87437152863,2.8858294487,
234,-0.00076700001955,4.67336654663,2.8858294487,
235,-0.000766000011936,4.87437152863,2.8858294487,
236,-0.000765000004321,4.87437152863,2.68482446671,
237,-0.000763999996707,4.67336654663,2.8858294487,
238,-0.000762999989092,4.87437152863,2.8858294487,
239,-0.000761999981478,4.67336654663,2.8858294487,
240,-0.000760999973863,4.67336654663,2.8858294487,
241,-0.000760000024457,4.87437152863,2.8858294487,
242,-0.000759000016842,4.87437152863,2.8858294487,
243,-0.000758000009228,4.87437152863,2.8858294487,
244,-0.000757000001613,4.67336654663,3.08683443069,
245,-0.000755999993999,4.87437152863,2.8858294487,
246,-0.000754999986384,4.67336654663,2.8858294487,
247,-0.00075399997877,4.87437152863,3.08683443069,
248,-0.000752999971155,4.87437152863,2.8858294487,
249,-0.000752000021748,4.87437152863,3.08683443069,
250,-0.000751000014134,4.87437152863,3.08683443069,
251,-0.000750000006519,4.67336654663,3.08683443069,
252,-0.000748999998905,4.67336654663,3.08683443069,
253,-0.00074799999129,4.67336654663,3.08683443069,
254,-0.000746999983676,4.67336654663,3.08683443069,
255,-0.000745999976061,4.87437152863,3.08683443069,
256,-0.000745000026654,4.87437152863,3.08683443069,
257,-0.00074400001904,4.87437152863,3.08683443069,
258,-0.000743000011425,4.87437152863,3.28783941269,
259,-0.000742000003811,4.87437152863,3.08683443069,
260,-0.000740999996196,4.67336654663,3.28783941269,
261,-0.000739999988582,4.87437152863,3.08683443069,
262,-0.000738999980967,4.87437152863,3.28783941269,
263,-0.000737999973353,4.87437152863,3.28783941269,
264,-0.000737000023946,4.87437152863,3.48884439468,
265,-0.000736000016332,4.67336654663,3.28783941269,
266,-0.000735000008717,4.87437152863,3.48884439468,
267,-0.000734000001103,4.67336654663,3.28783941269,
268,-0.000732999993488,4.87437152863,3.28783941269,
269,-0.000731999985874,4.67336654663,3.28783941269,
270,-0.000730999978259,4.87437152863,3.48884439468,
271,-0.000730000028852,4.87437152863,3.28783941269,
272,-0.000729000021238,4.87437152863,3.48884439468,
273,-0.000728000013623,4.87437152863,3.48884439468,
274,-0.000727000006009,4.87437152863,3.48884439468,
275,-0.000725999998394,4.87437152863,3.48884439468,
276,-0.00072499999078,4.87437152863,3.48884439468,
277,-0.000723999983165,4.67336654663,3.48884439468,
278,-0.000722999975551,4.87437152863,3.48884439468,
279,-0.000722000026144,4.87437152863,3.48884439468,
280,-0.00072100001853,4.87437152863,3.48884439468,
281,-0.000720000010915,4.67336654663,3.68984937668,
282,-0.000719000003301,4.87437152863,3.48884439468,
283,-0.000717999995686,4.67336654663,3.68984937668,
284,-0.000716999988072,4.87437152863,3.48884439468,
285,-0.000715999980457,4.67336654663,3.68984937668,
286,-0.000714999972843,4.87437152863,3.48884439468,
287,-0.000714000023436,4.87437152863,3.68984937668,
288,-0.000713000015821,4.67336654663,3.68984937668,
289,-0.000712000008207,4.67336654663,3.68984937668,
290,-0.000711000000592,4.67336654663,3.68984937668,
291,-0.000709999992978,4.87437152863,3.68984937668,
292,-0.000708999985363,4.87437152863,3.68984937668,
293,-0.000707999977749,4.67336654663,3.68984937668,
294,-0.000707000028342,4.67336654663,3.68984937668,
295,-0.000706000020728,4.67336654663,3.48884439468,
296,-0.000705000013113,4.67336654663,3.68984937668,
297,-0.000704000005499,4.67336654663,3.89085435867,
298,-0.000702999997884,4.67336654663,3.68984937668,
299,-0.00070199999027,4.47236156464,3.68984937668,
300,-0.000700999982655,4.67336654663,3.68984937668,
301,-0.000699999975041,4.67336654663,3.68984937668,
302,-0.000699000025634,4.67336654663,3.89085435867,
303,-0.000698000018019,4.67336654663,3.68984937668,
304,-0.000697000010405,4.67336654663,3.89085435867,
305,-0.00069600000279,4.47236156464,3.68984937668,
306,-0.000694999995176,4.47236156464,3.68984937668,
307,-0.000693999987561,4.47236156464,3.89085435867,
308,-0.000692999979947,4.47236156464,3.68984937668,
309,-0.000691999972332,4.47236156464,3.68984937668,
310,-0.000691000022925,4.47236156464,3.89085435867,
311,-0.000690000015311,4.47236156464,3.89085435867,
312,-0.000689000007696,4.47236156464,3.89085435867,
313,-0.000688000000082,4.67336654663,3.89085435867,
314,-0.000686999992467,4.67336654663,3.89085435867,
315,-0.000685999984853,4.47236156464,3.89085435867,
316,-0.000684999977238,4.47236156464,4.09185934067,
317,-0.000684000027832,4.67336654663,3.89085435867,
318,-0.000683000020217,4.47236156464,3.89085435867,
319,-0.000682000012603,4.47236156464,4.09185934067,
320,-0.000681000004988,4.47236156464,3.89085435867,
321,-0.000679999997374,4.47236156464,3.89085435867,
322,-0.000678999989759,4.27135658264,3.89085435867,
323,-0.000677999982145,4.47236156464,3.89085435867,
324,-0.00067699997453,4.47236156464,4.09185934067,
325,-0.000676000025123,4.47236156464,3.89085435867,
326,-0.000675000017509,4.27135658264,4.09185934067,
327,-0.000674000009894,4.47236156464,3.89085435867,
328,-0.00067300000228,4.47236156464,3.89085435867,
329,-0.000671999994665,4.47236156464,3.89085435867,
330,-0.000670999987051,4.27135658264,4.09185934067,
331,-0.000669999979436,4.27135658264,4.09185934067,
332,-0.000668999971822,4.27135658264,3.89085435867,
333,-0.000668000022415,4.27135658264,3.68984937668,
334,-0.000667000014801,4.27135658264,4.09185934067,
335,-0.000666000007186,4.47236156464,3.89085435867,
336,-0.000664999999572,4.27135658264,4.09185934067,
337,-0.000663999991957,4.27135658264,3.89085435867,
338,-0.000662999984343,4.27135658264,3.89085435867,
339,-0.000661999976728,4.27135658264,4.09185934067,
340,-0.000661000027321,4.27135658264,4.09185934067,
341,-0.000660000019707,4.07035160065,4.09185934067,
342,-0.000659000012092,4.07035160065,3.89085435867,
343,-0.000658000004478,4.27135658264,3.89085435867,
344,-0.000656999996863,4.07035160065,4.09185934067,
345,-0.000655999989249,4.07035160065,3.89085435867,
346,-0.000654999981634,4.07035160065,3.89085435867,
347,-0.00065399997402,4.27135658264,3.89085435867,
348,-0.000653000024613,4.27135658264,4.09185934067,
349,-0.000652000016998,4.07035160065,3.89085435867,
350,-0.000651000009384,4.07035160065,4.09185934067,
351,-0.00065000000177,4.07035160065,3.89085435867,
352,-0.000648999994155,3.86934661865,4.09185934067,
353,-0.000647999986541,4.07035160065,4.09185934067,
354,-0.000646999978926,4.07035160065,4.09185934067,
355,-0.000645999971312,4.07035160065,3.89085435867,
356,-0.000645000021905,3.86934661865,4.09185934067,
357,-0.00064400001429,4.07035160065,4.09185934067,
358,-0.000643000006676,3.86934661865,3.89085435867,
359,-0.000641999999061,3.86934661865,4.09185934067,
360,-0.000640999991447,3.86934661865,3.89085435867,
361,-0.000639999983832,3.86934661865,3.89085435867,
362,-0.000638999976218,3.86934661865,4.09185934067,
363,-0.000638000026811,3.86934661865,3.89085435867,
364,-0.000637000019196,3.66834163666,4.09185934067,
365,-0.000636000011582,3.86934661865,3.89085435867,
366,-0.000635000003967,3.86934661865,4.09185934067,
367,-0.000633999996353,3.66834163666,3.89085435867,
368,-0.000632999988738,3.86934661865,4.09185934067,
369,-0.000631999981124,3.86934661865,4.09185934067,
370,-0.000630999973509,3.86934661865,3.89085435867,
371,-0.000630000024103,3.66834163666,4.09185934067,
372,-0.000629000016488,3.66834163666,4.09185934067,
373,-0.000628000008874,3.46733665466,4.09185934067,
374,-0.000627000001259,3.46733665466,3.89085435867,
375,-0.000625999993645,3.66834163666,3.89085435867,
376,-0.00062499998603,3.66834163666,3.89085435867,
377,-0.000623999978416,3.66834163666,3.89085435867,
378,-0.000623000029009,3.46733665466,3.89085435867,
379,-0.000622000021394,3.26633167267,4.09185934067,
380,-0.00062100001378,3.46733665466,3.89085435867,
381,-0.000620000006165,3.26633167267,3.89085435867,
382,-0.000618999998551,3.46733665466,3.89085435867,
383,-0.000617999990936,3.46733665466,3.89085435867,
384,-0.000616999983322,3.26633167267,3.89085435867,
385,-0.000615999975707,3.26633167267,3.89085435867,
386,-0.000615000026301,3.26633167267,3.89085435867,
387,-0.000614000018686,3.26633167267,3.89085435867,
388,-0.000613000011072,3.26633167267,3.89085435867,
389,-0.000612000003457,3.26633167267,4.09185934067,
390,-0.000610999995843,3.26633167267,3.89085435867,
391,-0.000609999988228,3.26633167267,3.68984937668,
392,-0.000608999980614,3.26633167267,3.68984937668,
393,-0.000607999972999,3.26633167267,3.89085435867,
394,-0.000607000023592,3.06532669067,3.68984937668,
395,-0.000606000015978,3.26633167267,3.89085435867,
396,-0.000605000008363,3.26633167267,3.68984937668,
397,-0.000604000000749,3.06532669067,3.68984937668,
398,-0.000602999993134,3.06532669067,3.68984937668,
399,-0.00060199998552,3.06532669067,3.89085435867,
400,-0.000600999977905,3.06532669067,3.68984937668,
401,-0.000600000028498,3.06532669067,3.68984937668,
402,-0.000599000020884,2.86432170868,3.68984937668,
403,-0.000598000013269,3.06532669067,3.68984937668,
404,-0.000597000005655,3.06532669067,3.89085435867,
405,-0.00059599999804,2.86432170868,3.68984937668,
406,-0.000594999990426,2.86432170868,3.68984937668,
407,-0.000593999982812,3.06532669067,3.89085435867,
408,-0.000592999975197,2.86432170868,3.68984937668,
409,-0.00059200002579,2.66331672668,3.68984937668,
410,-0.000591000018176,2.86432170868,3.68984937668,
411,-0.000590000010561,2.86432170868,3.68984937668,
412,-0.000589000002947,2.66331672668,3.68984937668,
413,-0.000587999995332,2.66331672668,3.68984937668,
414,-0.000586999987718,2.66331672668,3.68984937668,
415,-0.000585999980103,2.66331672668,3.48884439468,
416,-0.000584999972489,2.86432170868,3.68984937668,
417,-0.000584000023082,2.66331672668,3.68984937668,
418,-0.000583000015467,2.46231174469,3.48884439468,
419,-0.000582000007853,2.66331672668,3.48884439468,
420,-0.000581000000238,2.66331672668,3.48884439468,
421,-0.000579999992624,2.46231174469,3.68984937668,
422,-0.000578999985009,2.66331672668,3.48884439468,
423,-0.000577999977395,2.46231174469,3.68984937668,
424,-0.000577000027988,2.46231174469,3.48884439468,
425,-0.000576000020374,2.46231174469,3.68984937668,
426,-0.000575000012759,2.46231174469,3.28783941269,
427,-0.000574000005145,2.2613067627,3.48884439468,
428,-0.00057299999753,2.2613067627,3.68984937668,
429,-0.000571999989916,2.2613067627,3.28783941269,
430,-0.000570999982301,2.2613067627,3.48884439468,
431,-0.000569999974687,2.2613067627,3.48884439468,
432,-0.00056900002528,2.2613067627,3.48884439468,
433,-0.000568000017665,2.0603017807,3.28783941269,
434,-0.000567000010051,2.0603017807,3.48884439468,
435,-0.000566000002436,2.2613067627,3.48884439468,
436,-0.000564999994822,2.0603017807,3.28783941269,
437,-0.000563999987207,1.85929679871,3.28783941269,
438,-0.000562999979593,2.0603017807,3.48884439468,
439,-0.000561999971978,2.0603017807,3.48884439468,
440,-0.000561000022572,2.0603017807,3.28783941269,
441,-0.000560000014957,1.85929679871,3.28783941269,
442,-0.000559000007343,2.0603017807,3.08683443069,
443,-0.000557999999728,1.85929679871,3.28783941269,
444,-0.000556999992114,1.85929679871,3.28783941269,
445,-0.000555999984499,1.85929679871,3.08683443069,
446,-0.000554999976885,1.85929679871,3.28783941269,
447,-0.000554000027478,1.85929679871,3.28783941269,
448,-0.000553000019863,1.65829181671,3.08683443069,
449,-0.000552000012249,1.85929679871,3.28783941269,
450,-0.000551000004634,1.65829181671,3.08683443069,
451,-0.00054999999702,1.65829181671,3.08683443069,
452,-0.000548999989405,1.65829181671,3.08683443069,
453,-0.000547999981791,1.45728683472,3.08683443069,
454,-0.000546999974176,1.65829181671,3.08683443069,
455,-0.000546000024769,1.65829181671,3.08683443069,
456,-0.000545000017155,1.65829181671,2.8858294487,
457,-0.00054400000954,1.45728683472,2.8858294487,
458,-0.000543000001926,1.45728683472,3.08683443069,
459,-0.000541999994311,1.65829181671,2.8858294487,
460,-0.000540999986697,1.45728683472,3.08683443069,
461,-0.000539999979082,1.45728683472,2.8858294487,
462,-0.000538999971468,1.45728683472,3.08683443069,
463,-0.000538000022061,1.25628185272,2.8858294487,
464,-0.000537000014447,1.45728683472,3.08683443069,
465,-0.000536000006832,1.25628185272,2.8858294487,
466,-0.000534999999218,1.25628185272,2.8858294487,
467,-0.000533999991603,1.05527687073,2.8858294487,
468,-0.000532999983989,1.25628185272,2.8858294487,
469,-0.000531999976374,1.05527687073,2.8858294487,
470,-0.000531000026967,1.25628185272,2.68482446671,
471,-0.000530000019353,1.25628185272,2.68482446671,
472,-0.000529000011738,1.05527687073,2.8858294487,
473,-0.000528000004124,1.05527687073,2.8858294487,
474,-0.000526999996509,0.854271888733,2.8858294487,
475,-0.000525999988895,0.854271888733,2.68482446671,
476,-0.00052499998128,1.05527687073,2.68482446671,
477,-0.000523999973666,0.854271888733,2.68482446671,
478,-0.000523000024259,0.854271888733,2.68482446671,
479,-0.000522000016645,0.854271888733,2.68482446671,
480,-0.00052100000903,0.653265953064,2.68482446671,
481,-0.000520000001416,0.854271888733,2.68482446671,
482,-0.000518999993801,0.854271888733,2.68482446671,
483,-0.000517999986187,0.653265953064,2.48381948471,
484,-0.000516999978572,0.653265953064,2.68482446671,
485,-0.000515999970958,0.653265953064,2.68482446671,
486,-0.000515000021551,0.653265953064,2.48381948471,
487,-0.000514000013936,0.653265953064,2.48381948471,
488,-0.000513000006322,0.653265953064,2.68482446671,
489,-0.000511999998707,0.653265953064,2.48381948471,
490,-0.000510999991093,0.653265953064,2.48381948471,
491,-0.000509999983478,0.452260971069,2.28281450272,
492,-0.000508999975864,0.452260971069,2.48381948471,
493,-0.000508000026457,0.452260971069,2.28281450272,
494,-0.000507000018843,0.452260971069,2.28281450272,
495,-0.000506000011228,0.452260971069,2.48381948471,
496,-0.000505000003614,0.452260971069,2.28281450272,
497,-0.000503999995999,0.251255989075,2.28281450272,
498,-0.000502999988385,0.251255989075,2.28281450272,
499,-0.00050199998077,0.251255989075,2.48381948471,
500,-0.000500999973156,0.0502510070801,2.28281450272,
501,-0.000500000023749,0.452260971069,2.28281450272,
502,-0.000499000016134,0.251255989075,2.28281450272,
503,-0.00049800000852,0.0502510070801,2.08180904388,
504,-0.000497000000905,0.251255989075,2.28281450272,
505,-0.000495999993291,0.0502510070801,2.08180904388,
506,-0.000494999985676,-0.150753974915,2.28281450272,
507,-0.000493999978062,0.0502510070801,2.28281450272,
508,-0.000493000028655,0.0502510070801,2.28281450272,
509,-0.00049200002104,0.0502510070801,2.28281450272,
510,-0.000491000013426,-0.150753974915,1.88080406189,
511,-0.000490000005811,-0.351758956909,2.08180904388,
512,-0.000488999998197,-0.150753974915,1.88080406189,
513,-0.000487999990582,-0.351758956909,1.88080406189,
514,-0.000487000012072,-0.351758956909,2.08180904388,
515,-0.000486000004457,-0.351758956909,2.08180904388,
516,-0.000484999996843,-0.351758956909,1.88080406189,
517,-0.000483999989228,-0.351758956909,1.88080406189,
518,-0.000483000010718,-0.351758956909,1.88080406189,
519,-0.000482000003103,-0.351758956909,2.08180904388,
520,-0.000480999995489,-0.351758956909,1.6797990799,
521,-0.000479999987874,-0.351758956909,1.88080406189,
522,-0.000479000009364,-0.552763938904,1.6797990799,
523,-0.000478000001749,-0.552763938904,1.6797990799,
524,-0.000476999994135,-0.753768920898,1.6797990799,
525,-0.00047599998652,-0.753768920898,1.88080406189,
526,-0.000475000008009,-0.552763938904,1.6797990799,
527,-0.000474000000395,-0.552763938904,1.6797990799,
528,-0.00047299999278,-0.753768920898,1.6797990799,
529,-0.00047200001427,-0.753768920898,1.6797990799,
530,-0.000471000006655,-0.753768920898,1.6797990799,
531,-0.000469999999041,-0.753768920898,1.6797990799,
532,-0.000468999991426,-0.954773902893,1.4787940979,
533,-0.000468000012916,-0.753768920898,1.6797990799,
534,-0.000467000005301,-0.954773902893,1.4787940979,
535,-0.000465999997687,-0.753768920898,1.4787940979,
536,-0.000464999990072,-0.954773902893,1.6797990799,
537,-0.000464000011561,-0.954773902893,1.4787940979,
538,-0.000463000003947,-1.15577888489,1.4787940979,
539,-0.000461999996332,-0.954773902893,1.27778911591,
540,-0.000460999988718,-0.954773902893,1.4787940979,
541,-0.000460000010207,-0.954773902893,1.4787940979,
542,-0.000459000002593,-1.15577888489,1.27778911591,
543,-0.000457999994978,-1.15577888489,1.27778911591,
544,-0.000456999987364,-1.15577888489,1.27778911591,
545,-0.000456000008853,-1.15577888489,1.27778911591,
546,-0.000455000001239,-1.35678386688,1.27778911591,
547,-0.000453999993624,-1.35678386688,1.27778911591,
548,-0.00045299998601,-1.35678386688,1.27778911591,
549,-0.000452000007499,-1.15577888489,1.27778911591,
550,-0.000450999999885,-1.35678386688,1.27778911591,
551,-0.00044999999227,-1.35678386688,1.07678413391,
552,-0.000449000013759,-1.35678386688,1.07678413391,
553,-0.000448000006145,-1.55778884888,1.07678413391,
554,-0.00044699999853,-1.35678386688,1.07678413391,
555,-0.000445999990916,-1.55778884888,1.07678413391,
556,-0.000445000012405,-1.35678386688,1.07678413391,
557,-0.000444000004791,-1.55778884888,1.07678413391,
558,-0.000442999997176,-1.75879383087,1.07678413391,
559,-0.000441999989562,-1.75879383087,0.875779151917,
560,-0.000441000011051,-1.75879383087,0.875779151917,
561,-0.000440000003437,-1.55778884888,0.875779151917,
562,-0.000438999995822,-1.75879383087,0.875779151917,
563,-0.000437999988208,-1.95979881287,0.875779151917,
564,-0.000437000009697,-1.75879383087,0.674774169922,
565,-0.000436000002082,-1.75879383087,0.875779151917,
566,-0.000434999994468,-1.95979881287,0.674774169922,
567,-0.000433999986853,-1.75879383087,0.674774169922,
568,-0.000433000008343,-1.75879383087,0.875779151917,
569,-0.000432000000728,-1.95979881287,0.674774169922,
570,-0.000430999993114,-1.95979881287,0.674774169922,
571,-0.000429999985499,-1.95979881287,0.674774169922,
572,-0.000429000006989,-2.16080379486,0.674774169922,
573,-0.000427999999374,-2.16080379486,0.674774169922,
574,-0.00042699999176,-1.95979881287,0.674774169922,
575,-0.000426000013249,-2.16080379486,0.674774169922,
576,-0.000425000005635,-2.16080379486,0.473769187927,
577,-0.00042399999802,-2.16080379486,0.674774169922,
578,-0.000422999990406,-2.16080379486,0.674774169922,
579,-0.000422000011895,-2.16080379486,0.473769187927,
580,-0.00042100000428,-2.16080379486,0.473769187927,
581,-0.000419999996666,-2.16080379486,0.473769187927,
582,-0.000418999989051,-2.16080379486,0.473769187927,
583,-0.000418000010541,-2.36180877686,0.473769187927,
584,-0.000417000002926,-2.36180877686,0.473769187927,
585,-0.000415999995312,-2.36180877686,0.473769187927,
586,-0.000414999987697,-2.36180877686,0.272764205933,
587,-0.000414000009187,-2.36180877686,0.272764205933,
588,-0.000413000001572,-2.56281423569,0.272764205933,
589,-0.000411999993958,-2.36180877686,0.272764205933,
590,-0.000410999986343,-2.36180877686,0.272764205933,
591,-0.000410000007832,-2.36180877686,0.272764205933,
592,-0.000409000000218,-2.56281423569,0.272764205933,
593,-0.000407999992603,-2.56281423569,0.071759223938,
594,-0.000407000014093,-2.56281423569,0.071759223938,
595,-0.000406000006478,-2.76381921768,0.071759223938,
596,-0.000404999998864,-2.56281423569,0.071759223938,
597,-0.000403999991249,-2.56281423569,0.071759223938,
598,-0.000403000012739,-2.56281423569,0.071759223938,
599,-0.000402000005124,-2.76381921768,0.071759223938,
600,-0.00040099999751,-2.56281423569,0.071759223938,
601,-0.000399999989895,-2.96482419968,-0.129245758057,
602,-0.000399000011384,-2.76381921768,0.071759223938,
603,-0.00039800000377,-2.96482419968,0.071759223938,
604,-0.000396999996156,-2.96482419968,-0.129245758057,
605,-0.000395999988541,-2.76381921768,-0.330250740051,
606,-0.00039500001003,-2.96482419968,-0.129245758057,
607,-0.000394000002416,-2.96482419968,-0.330250740051,
608,-0.000392999994801,-2.96482419968,-0.330250740051,
609,-0.000391999987187,-3.16582918167,-0.129245758057,
610,-0.000391000008676,-3.16582918167,-0.129245758057,
611,-0.000390000001062,-2.96482419968,-0.330250740051,
612,-0.000388999993447,-2.96482419968,-0.330250740051,
613,-0.000387999985833,-3.16582918167,-0.330250740051,
614,-0.000387000007322,-2.96482419968,-0.129245758057,
615,-0.000385999999708,-3.16582918167,-0.330250740051,
616,-0.000384999992093,-3.16582918167,-0.330250740051,
617,-0.000384000013582,-3.16582918167,-0.330250740051,
618,-0.000383000005968,-3.16582918167,-0.330250740051,
619,-0.000381999998353,-3.36683416367,-0.330250740051,
620,-0.000380999990739,-3.36683416367,-0.330250740051,
621,-0.000380000012228,-3.36683416367,-0.330250740051,
622,-0.000379000004614,-3.36683416367,-0.531255722046,
623,-0.000377999996999,-3.56783914566,-0.531255722046,
624,-0.000376999989385,-3.56783914566,-0.732260704041,
625,-0.000376000010874,-3.36683416367,-0.531255722046,
626,-0.00037500000326,-3.36683416367,-0.531255722046,
627,-0.000373999995645,-3.36683416367,-0.732260704041,
628,-0.000372999988031,-3.56783914566,-0.732260704041,
629,-0.00037200000952,-3.56783914566,-0.531255722046,
630,-0.000371000001905,-3.36683416367,-0.732260704041,
631,-0.000369999994291,-3.36683416367,-0.732260704041,
632,-0.000368999986676,-3.56783914566,-0.732260704041,
633,-0.000368000008166,-3.56783914566,-0.732260704041,
634,-0.000367000000551,-3.56783914566,-0.732260704041,
635,-0.000365999992937,-3.56783914566,-0.732260704041,
636,-0.000365000014426,-3.56783914566,-0.732260704041,
637,-0.000364000006812,-3.76884412766,-0.732260704041,
638,-0.000362999999197,-3.56783914566,-0.933265686035,
639,-0.000361999991583,-3.76884412766,-0.933265686035,
640,-0.000361000013072,-3.76884412766,-0.933265686035,
641,-0.000360000005458,-3.76884412766,-0.933265686035,
642,-0.000358999997843,-3.76884412766,-0.933265686035,
643,-0.000357999990229,-3.76884412766,-0.933265686035,
644,-0.000357000011718,-3.96984910965,-0.933265686035,
645,-0.000356000004103,-3.96984910965,-1.1342716217,
646,-0.000354999996489,-3.96984910965,-1.1342716217,
647,-0.000353999988874,-3.96984910965,-1.1342716217,
648,-0.000353000010364,-3.96984910965,-1.1342716217,
649,-0.000352000002749,-3.96984910965,-1.1342716217,
650,-0.000350999995135,-3.76884412766,-1.1342716217,
651,-0.00034999998752,-3.96984910965,-1.1342716217,
652,-0.00034900000901,-3.96984910965,-1.1342716217,
653,-0.000348000001395,-3.76884412766,-1.3352766037,
654,-0.000346999993781,-3.96984910965,-1.1342716217,
655,-0.000345999986166,-3.96984910965,-1.1342716217,
656,-0.000345000007655,-3.96984910965,-1.3352766037,
657,-0.000344000000041,-3.96984910965,-1.3352766037,
658,-0.000342999992426,-3.96984910965,-1.3352766037,
659,-0.000342000013916,-4.17085409164,-1.3352766037,
660,-0.000341000006301,-4.17085409164,-1.3352766037,
661,-0.000339999998687,-4.17085409164,-1.3352766037,
662,-0.000338999991072,-4.17085409164,-1.3352766037,
663,-0.000338000012562,-4.17085409164,-1.53628158569,
664,-0.000337000004947,-4.17085409164,-1.53628158569,
665,-0.000335999997333,-3.96984910965,-1.53628158569,
666,-0.000334999989718,-4.17085409164,-1.53628158569,
667,-0.000334000011208,-4.17085409164,-1.53628158569,
668,-0.000333000003593,-4.37185907364,-1.53628158569,
669,-0.000331999995979,-4.17085409164,-1.53628158569,
670,-0.000330999988364,-4.37185907364,-1.53628158569,
671,-0.000330000009853,-4.17085409164,-1.53628158569,
672,-0.000329000002239,-4.37185907364,-1.73728656769,
673,-0.000327999994624,-4.37185907364,-1.73728656769,
674,-0.00032699998701,-4.37185907364,-1.73728656769,
675,-0.000326000008499,-4.17085409164,-1.73728656769,
676,-0.000325000000885,-4.17085409164,-1.93829154968,
677,-0.00032399999327,-4.37185907364,-1.93829154968,
678,-0.000322999985656,-4.57286405563,-1.93829154968,
679,-0.000322000007145,-4.57286405563,-1.93829154968,
680,-0.000320999999531,-4.37185907364,-1.93829154968,
681,-0.000319999991916,-4.37185907364,-1.73728656769,
682,-0.000319000013405,-4.57286405563,-1.93829154968,
683,-0.000318000005791,-4.57286405563,-1.93829154968,
684,-0.000316999998176,-4.57286405563,-1.93829154968,
685,-0.000315999990562,-4.37185907364,-1.93829154968,
686,-0.000315000012051,-4.57286405563,-1.93829154968,
687,-0.000314000004437,-4.57286405563,-1.93829154968,
688,-0.000312999996822,-4.57286405563,-2.13929653168,
689,-0.000311999989208,-4.57286405563,-1.93829154968,
690,-0.000311000010697,-4.57286405563,-2.13929653168,
691,-0.000310000003083,-4.57286405563,-1.93829154968,
692,-0.000308999995468,-4.77386951447,-2.13929653168,
693,-0.000307999987854,-4.77386951447,-2.13929653168,
694,-0.000307000009343,-4.57286405563,-2.13929653168,
695,-0.000306000001729,-4.77386951447,-2.13929653168,
696,-0.000304999994114,-4.77386951447,-2.13929653168,
697,-0.0003039999865,-4.77386951447,-2.34030151367,
698,-0.000303000007989,-4.77386951447,-2.34030151367,
699,-0.000302000000374,-4.77386951447,-2.13929653168,
700,-0.00030099999276,-4.77386951447,-2.34030151367,
701,-0.000300000014249,-4.57286405563,-2.54130649567,
702,-0.000299000006635,-4.77386951447,-2.34030151367,
703,-0.00029799999902,-4.77386951447,-2.34030151367,
704,-0.000296999991406,-4.77386951447,-2.34030151367,
705,-0.000296000012895,-4.77386951447,-2.34030151367,
706,-0.000295000005281,-4.77386951447,-2.34030151367,
707,-0.000293999997666,-4.77386951447,-2.34030151367,
708,-0.000292999990052,-4.97487449646,-2.34030151367,
709,-0.000292000011541,-4.77386951447,-2.54130649567,
710,-0.000291000003926,-4.77386951447,-2.54130649567,
711,-0.000289999996312,-4.77386951447,-2.54130649567,
712,-0.000288999988697,-4.97487449646,-2.54130649567,
713,-0.000288000010187,-4.77386951447,-2.34030151367,
714,-0.000287000002572,-4.77386951447,-2.54130649567,
715,-0.000285999994958,-4.77386951447,-2.54130649567,
716,-0.000284999987343,-4.77386951447,-2.54130649567,
717,-0.000284000008833,-4.77386951447,-2.74231147766,
718,-0.000283000001218,-4.77386951447,-2.54130649567,
719,-0.000281999993604,-4.77386951447,-2.74231147766,
720,-0.000280999985989,-5.17587947845,-2.54130649567,
721,-0.000280000007479,-4.97487449646,-2.74231147766,
722,-0.000278999999864,-4.97487449646,-2.74231147766,
723,-0.00027799999225,-4.77386951447,-2.74231147766,
724,-0.000277000013739,-4.77386951447,-2.74231147766,
725,-0.000276000006124,-4.77386951447,-2.74231147766,
726,-0.00027499999851,-4.97487449646,-2.74231147766,
727,-0.000273999990895,-4.97487449646,-2.74231147766,
728,-0.000273000012385,-4.97487449646,-2.74231147766,
729,-0.00027200000477,-4.77386951447,-2.74231147766,
730,-0.000270999997156,-4.97487449646,-2.74231147766,
731,-0.000269999989541,-4.97487449646,-2.74231147766,
732,-0.000269000011031,-4.97487449646,-2.94331645966,
733,-0.000268000003416,-4.97487449646,-2.94331645966,
734,-0.000266999995802,-4.97487449646,-2.94331645966,
735,-0.000265999988187,-5.17587947845,-2.94331645966,
736,-0.000265000009676,-4.97487449646,-2.94331645966,
737,-0.000264000002062,-4.97487449646,-2.94331645966,
738,-0.000262999994447,-5.17587947845,-2.94331645966,
739,-0.000261999986833,-4.97487449646,-2.94331645966,
740,-0.000261000008322,-4.97487449646,-2.94331645966,
741,-0.000260000000708,-4.97487449646,-3.14432144165,
742,-0.000258999993093,-5.17587947845,-3.14432144165,
743,-0.000257999985479,-4.97487449646,-3.14432144165,
744,-0.000257000006968,-5.17587947845,-3.14432144165,
745,-0.000255999999354,-4.97487449646,-3.14432144165,
746,-0.000254999991739,-4.97487449646,-3.14432144165,
747,-0.000254000013229,-5.17587947845,-3.14432144165,
748,-0.000253000005614,-4.97487449646,-3.14432144165,
749,-0.000251999998,-5.17587947845,-3.34532642365,
750,-0.000250999990385,-5.17587947845,-3.14432144165,
751,-0.000250000011874,-5.17587947845,-3.34532642365,
752,-0.00024900000426,-4.97487449646,-3.14432144165,
753,-0.000247999996645,-4.97487449646,-3.34532642365,
754,-0.000246999989031,-5.17587947845,-3.14432144165,
755,-0.00024600001052,-4.97487449646,-3.34532642365,
756,-0.000245000002906,-4.97487449646,-3.34532642365,
757,-0.000243999995291,-5.17587947845,-3.34532642365,
758,-0.000243000002229,-4.97487449646,-3.34532642365,
759,-0.000241999994614,-5.17587947845,-3.54633140564,
760,-0.000241000001552,-4.97487449646,-3.34532642365,
761,-0.000239999993937,-5.17587947845,-3.54633140564,
762,-0.000239000000875,-5.17587947845,-3.34532642365,
763,-0.00023799999326,-5.17587947845,-3.54633140564,
764,-0.000237000000197,-5.17587947845,-3.34532642365,
765,-0.000236000007135,-4.97487449646,-3.54633140564,
766,-0.00023499999952,-4.97487449646,-3.34532642365,
767,-0.000234000006458,-5.17587947845,-3.54633140564,
768,-0.000232999998843,-4.97487449646,-3.54633140564,
769,-0.000232000005781,-4.97487449646,-3.54633140564,
770,-0.000230999998166,-4.97487449646,-3.34532642365,
771,-0.000230000005104,-5.17587947845,-3.54633140564,
772,-0.000228999997489,-4.97487449646,-3.54633140564,
773,-0.000228000004427,-4.97487449646,-3.54633140564,
774,-0.000226999996812,-5.17587947845,-3.54633140564,
775,-0.00022600000375,-4.97487449646,-3.54633140564,
776,-0.000224999996135,-4.77386951447,-3.54633140564,
777,-0.000224000003072,-4.97487449646,-3.54633140564,
778,-0.000222999995458,-4.97487449646,-3.74733638763,
779,-0.000222000002395,-4.97487449646,-3.74733638763,
780,-0.000220999994781,-4.97487449646,-3.74733638763,
781,-0.000220000001718,-5.17587947845,-3.74733638763,
782,-0.000218999994104,-4.97487449646,-3.74733638763,
783,-0.000218000001041,-4.97487449646,-3.54633140564,
784,-0.000216999993427,-5.17587947845,-3.54633140564,
785,-0.000216000000364,-4.97487449646,-3.74733638763,
786,-0.00021499999275,-4.97487449646,-3.54633140564,
787,-0.000213999999687,-4.97487449646,-3.74733638763,
788,-0.000213000006624,-4.97487449646,-3.94834136963,
789,-0.00021199999901,-4.97487449646,-3.74733638763,
790,-0.000211000005947,-4.97487449646,-3.74733638763,
791,-0.000209999998333,-4.97487449646,-3.74733638763,
792,-0.00020900000527,-4.97487449646,-3.74733638763,
793,-0.000207999997656,-4.97487449646,-3.94834136963,
794,-0.000207000004593,-4.97487449646,-3.94834136963,
795,-0.000205999996979,-4.97487449646,-3.74733638763,
796,-0.000205000003916,-4.77386951447,-3.74733638763,
797,-0.000203999996302,-4.97487449646,-3.74733638763,
798,-0.000203000003239,-4.97487449646,-3.94834136963,
799,-0.000201999995625,-4.97487449646,-3.74733638763,
800,-0.000201000002562,-4.97487449646,-3.94834136963,
801,-0.000199999994948,-4.97487449646,-3.94834136963,
802,-0.000199000001885,-4.97487449646,-3.94834136963,
803,-0.000197999994271,-4.97487449646,-3.94834136963,
804,-0.000197000001208,-4.77386951447,-3.74733638763,
805,-0.000195999993593,-4.77386951447,-3.94834136963,
806,-0.000195000000531,-4.97487449646,-3.74733638763,
807,-0.000193999992916,-4.77386951447,-3.94834136963,
808,-0.000192999999854,-4.97487449646,-3.94834136963,
809,-0.000192000006791,-4.77386951447,-3.94834136963,
810,-0.000190999999177,-4.77386951447,-3.74733638763,
811,-0.000190000006114,-4.97487449646,-3.94834136963,
812,-0.0001889999985,-4.77386951447,-4.14934635162,
813,-0.000188000005437,-4.77386951447,-3.94834136963,
814,-0.000186999997823,-4.77386951447,-3.94834136963,
815,-0.00018600000476,-4.77386951447,-3.94834136963,
816,-0.000184999997145,-4.77386951447,-3.94834136963,
817,-0.000184000004083,-4.57286405563,-3.94834136963,
818,-0.000182999996468,-4.77386951447,-3.94834136963,
819,-0.000182000003406,-4.77386951447,-3.94834136963,
820,-0.000180999995791,-4.77386951447,-3.94834136963,
821,-0.000180000002729,-4.77386951447,-4.14934635162,
822,-0.000178999995114,-4.57286405563,-3.94834136963,
823,-0.000178000002052,-4.77386951447,-4.14934635162,
824,-0.000176999994437,-4.77386951447,-4.14934635162,
825,-0.000176000001375,-4.57286405563,-4.14934635162,
826,-0.00017499999376,-4.57286405563,-4.14934635162,
827,-0.000174000000698,-4.77386951447,-4.14934635162,
828,-0.000172999993083,-4.57286405563,-4.14934635162,
829,-0.00017200000002,-4.57286405563,-4.14934635162,
830,-0.000171000006958,-4.57286405563,-3.94834136963,
831,-0.000169999999343,-4.57286405563,-4.14934635162,
832,-0.000169000006281,-4.57286405563,-4.14934635162,
833,-0.000167999998666,-4.57286405563,-4.14934635162,
834,-0.000167000005604,-4.57286405563,-3.94834136963,
835,-0.000165999997989,-4.57286405563,-3.94834136963,
836,-0.000165000004927,-4.57286405563,-4.14934635162,
837,-0.000163999997312,-4.37185907364,-4.14934635162,
838,-0.00016300000425,-4.57286405563,-4.14934635162,
839,-0.000161999996635,-4.37185907364,-3.94834136963,
840,-0.000161000003573,-4.37185907364,-4.14934635162,
841,-0.000159999995958,-4.37185907364,-4.14934635162,
842,-0.000159000002895,-4.37185907364,-3.94834136963,
843,-0.000157999995281,-4.37185907364,-3.94834136963,
844,-0.000157000002218,-4.37185907364,-4.14934635162,
845,-0.000155999994604,-4.37185907364,-4.14934635162,
846,-0.000155000001541,-4.37185907364,-4.14934635162,
847,-0.000153999993927,-4.37185907364,-4.14934635162,
848,-0.000153000000864,-4.17085409164,-3.94834136963,
849,-0.00015199999325,-4.37185907364,-4.14934635162,
850,-0.000151000000187,-4.37185907364,-4.35035133362,
851,-0.000150000007125,-4.17085409164,-3.94834136963,
852,-0.00014899999951,-4.37185907364,-4.14934635162,
853,-0.000148000006448,-4.17085409164,-4.14934635162,
854,-0.000146999998833,-4.17085409164,-4.14934635162,
855,-0.00014600000577,-4.17085409164,-4.14934635162,
856,-0.000144999998156,-4.17085409164,-3.94834136963,
857,-0.000144000005093,-4.17085409164,-4.14934635162,
858,-0.000142999997479,-4.37185907364,-3.94834136963,
859,-0.000142000004416,-4.17085409164,-4.14934635162,
860,-0.000140999996802,-3.96984910965,-4.14934635162,
861,-0.000140000003739,-3.96984910965,-4.14934635162,
862,-0.000138999996125,-3.96984910965,-4.14934635162,
863,-0.000138000003062,-3.96984910965,-3.94834136963,
864,-0.000136999995448,-4.17085409164,-4.14934635162,
865,-0.000136000002385,-3.96984910965,-4.14934635162,
866,-0.000134999994771,-3.96984910965,-3.94834136963,
867,-0.000134000001708,-3.96984910965,-4.14934635162,
868,-0.000132999994094,-3.96984910965,-4.14934635162,
869,-0.000132000001031,-3.96984910965,-3.94834136963,
870,-0.000130999993416,-3.96984910965,-4.14934635162,
871,-0.000130000000354,-3.96984910965,-4.14934635162,
872,-0.000128999992739,-3.76884412766,-4.14934635162,
873,-0.000127999999677,-3.96984910965,-4.14934635162,
874,-0.000127000006614,-3.76884412766,-3.94834136963,
875,-0.000125999999,-3.76884412766,-4.14934635162,
876,-0.000125000005937,-3.56783914566,-4.14934635162,
877,-0.000123999998323,-3.56783914566,-4.14934635162,
878,-0.00012300000526,-3.76884412766,-4.14934635162,
879,-0.000121999997646,-3.76884412766,-3.94834136963,
880,-0.000120999997307,-3.76884412766,-4.14934635162,
881,-0.000119999996969,-3.76884412766,-3.94834136963,
882,-0.00011899999663,-3.76884412766,-4.14934635162,
883,-0.000118000003567,-3.76884412766,-4.14934635162,
884,-0.000117000003229,-3.76884412766,-4.14934635162,
885,-0.00011600000289,-3.56783914566,-3.94834136963,
886,-0.000115000002552,-3.56783914566,-4.14934635162,
887,-0.000114000002213,-3.56783914566,-3.94834136963,
888,-0.000113000001875,-3.56783914566,-3.94834136963,
889,-0.000112000001536,-3.56783914566,-3.94834136963,
890,-0.000111000001198,-3.36683416367,-3.94834136963,
891,-0.000110000000859,-3.56783914566,-3.94834136963,
892,-0.000109000000521,-3.56783914566,-3.94834136963,
893,-0.000108000000182,-3.36683416367,-4.14934635162,
894,-0.000106999999844,-3.36683416367,-3.94834136963,
895,-0.000105999999505,-3.36683416367,-3.94834136963,
896,-0.000104999999166,-3.16582918167,-3.94834136963,
897,-0.000103999998828,-3.36683416367,-3.94834136963,
898,-0.000102999998489,-3.16582918167,-3.74733638763,
899,-0.000101999998151,-3.16582918167,-3.94834136963,
900,-0.000100999997812,-3.16582918167,-3.94834136963,
901,-9.99999974738e-05,-3.16582918167,-3.94834136963,
902,-9.89999971353e-05,-3.16582918167,-3.94834136963,
903,-9.79999967967e-05,-3.16582918167,-3.94834136963,
904,-9.69999964582e-05,-3.16582918167,-3.94834136963,
905,-9.60000033956e-05,-3.16582918167,-3.74733638763,
906,-9.50000030571e-05,-3.16582918167,-3.74733638763,
907,-9.40000027185e-05,-2.96482419968,-3.74733638763,
908,-9.300000238e-05,-3.16582918167,-3.94834136963,
909,-9.20000020415e-05,-2.96482419968,-3.74733638763,
910,-9.10000017029e-05,-2.96482419968,-3.94834136963,
911,-9.00000013644e-05,-2.96482419968,-3.74733638763,
912,-8.90000010259e-05,-2.96482419968,-3.74733638763,
913,-8.80000006873e-05,-2.96482419968,-3.74733638763,
914,-8.70000003488e-05,-2.96482419968,-3.74733638763,
915,-8.60000000102e-05,-2.96482419968,-3.74733638763,
916,-8.49999996717e-05,-2.76381921768,-3.74733638763,
917,-8.39999993332e-05,-2.96482419968,-3.74733638763,
918,-8.29999989946e-05,-2.76381921768,-3.94834136963,
919,-8.19999986561e-05,-2.76381921768,-3.74733638763,
920,-8.09999983176e-05,-2.76381921768,-3.74733638763,
921,-7.9999997979e-05,-2.76381921768,-3.74733638763,
922,-7.89999976405e-05,-2.56281423569,-3.74733638763,
923,-7.7999997302e-05,-2.56281423569,-3.74733638763,
924,-7.69999969634e-05,-2.36180877686,-3.74733638763,
925,-7.59999966249e-05,-2.76381921768,-3.74733638763,
926,-7.50000035623e-05,-2.56281423569,-3.54633140564,
927,-7.40000032238e-05,-2.56281423569,-3.74733638763,
928,-7.30000028852e-05,-2.56281423569,-3.34532642365,
929,-7.20000025467e-05,-2.76381921768,-3.54633140564,
930,-7.10000022082e-05,-2.56281423569,-3.54633140564,
931,-7.00000018696e-05,-2.36180877686,-3.54633140564,
932,-6.90000015311e-05,-2.36180877686,-3.54633140564,
933,-6.80000011926e-05,-2.36180877686,-3.54633140564,
934,-6.7000000854e-05,-2.56281423569,-3.74733638763,
935,-6.60000005155e-05,-2.16080379486,-3.54633140564,
936,-6.5000000177e-05,-2.16080379486,-3.54633140564,
937,-6.39999998384e-05,-2.16080379486,-3.54633140564,
938,-6.29999994999e-05,-2.36180877686,-3.54633140564,
939,-6.19999991613e-05,-2.36180877686,-3.54633140564,
940,-6.09999988228e-05,-2.16080379486,-3.34532642365,
941,-5.99999984843e-05,-2.16080379486,-3.34532642365,
942,-5.90000017837e-05,-2.16080379486,-3.34532642365,
943,-5.80000014452e-05,-2.16080379486,-3.34532642365,
944,-5.70000011066e-05,-2.16080379486,-3.54633140564,
945,-5.60000007681e-05,-2.16080379486,-3.54633140564,
946,-5.50000004296e-05,-2.16080379486,-3.34532642365,
947,-5.4000000091e-05,-1.95979881287,-3.34532642365,
948,-5.29999997525e-05,-2.16080379486,-3.54633140564,
949,-5.1999999414e-05,-1.95979881287,-3.54633140564,
950,-5.09999990754e-05,-1.95979881287,-3.34532642365,
951,-4.99999987369e-05,-1.95979881287,-3.34532642365,
952,-4.89999983984e-05,-1.95979881287,-3.34532642365,
953,-4.80000016978e-05,-1.95979881287,-3.34532642365,
954,-4.70000013593e-05,-1.75879383087,-3.34532642365,
955,-4.60000010207e-05,-1.95979881287,-3.34532642365,
956,-4.50000006822e-05,-1.75879383087,-3.14432144165,
957,-4.40000003437e-05,-1.75879383087,-3.34532642365,
958,-4.30000000051e-05,-1.75879383087,-3.14432144165,
959,-4.19999996666e-05,-1.75879383087,-3.34532642365,
960,-4.09999993281e-05,-1.55778884888,-3.14432144165,
961,-3.99999989895e-05,-1.75879383087,-2.94331645966,
962,-3.8999998651e-05,-1.55778884888,-3.34532642365,
963,-3.79999983124e-05,-1.75879383087,-3.14432144165,
964,-3.70000016119e-05,-1.55778884888,-3.14432144165,
965,-3.60000012734e-05,-1.55778884888,-2.94331645966,
966,-3.50000009348e-05,-1.35678386688,-3.14432144165,
967,-3.40000005963e-05,-1.55778884888,-3.14432144165,
968,-3.30000002577e-05,-1.55778884888,-2.94331645966,
969,-3.19999999192e-05,-1.35678386688,-2.94331645966,
970,-3.09999995807e-05,-1.35678386688,-2.94331645966,
971,-2.99999992421e-05,-1.35678386688,-2.74231147766,
972,-2.90000007226e-05,-1.15577888489,-2.94331645966,
973,-2.80000003841e-05,-1.35678386688,-2.94331645966,
974,-2.70000000455e-05,-1.15577888489,-2.74231147766,
975,-2.5999999707e-05,-1.15577888489,-2.74231147766,
976,-2.49999993684e-05,-1.15577888489,-2.94331645966,
977,-2.40000008489e-05,-1.15577888489,-2.94331645966,
978,-2.30000005104e-05,-1.15577888489,-2.94331645966,
979,-2.20000001718e-05,-1.15577888489,-2.94331645966,
980,-2.09999998333e-05,-0.954773902893,-2.74231147766,
981,-1.99999994948e-05,-0.954773902893,-2.94331645966,
982,-1.89999991562e-05,-0.954773902893,-2.94331645966,
983,-1.80000006367e-05,-0.954773902893,-2.74231147766,
984,-1.70000002981e-05,-0.954773902893,-2.74231147766,
985,-1.59999999596e-05,-0.954773902893,-2.54130649567,
986,-1.49999996211e-05,-0.954773902893,-2.74231147766,
987,-1.4000000192e-05,-0.753768920898,-2.74231147766,
988,-1.29999998535e-05,-0.753768920898,-2.54130649567,
989,-1.20000004245e-05,-0.753768920898,-2.54130649567,
990,-1.10000000859e-05,-0.753768920898,-2.54130649567,
991,-9.99999974738e-06,-0.753768920898,-2.54130649567,
992,-9.00000031834e-06,-0.753768920898,-2.54130649567,
993,-7.9999999798e-06,-0.552763938904,-2.74231147766,
994,-7.00000009601e-06,-0.552763938904,-2.54130649567,
995,-6.00000021223e-06,-0.753768920898,-2.54130649567,
996,-4.99999987369e-06,-0.552763938904,-2.54130649567,
997,-3.9999999899e-06,-0.552763938904,-2.34030151367,
998,-3.00000010611e-06,-0.351758956909,-2.54130649567,
999,-1.99999999495e-06,-0.351758956909,-2.34030151367,
1000,-9.99999997475e-07,-0.552763938904,-2.54130649567,
1001,0,-0.351758956909,-2.34030151367,
1002,9.99999997475e-07,-0.351758956909,-2.34030151367,
1003,1.99999999495e-06,-0.552763938904,-2.34030151367,
1004,3.00000010611e-06,-0.150753974915,-2.34030151367,
1005,3.9999999899e-06,-0.150753974915,-2.34030151367,
1006,4.99999987369e-06,0.0502510070801,-2.34030151367,
1007,6.00000021223e-06,-0.150753974915,-2.13929653168,
1008,7.00000009601e-06,-0.351758956909,-2.13929653168,
1009,7.9999999798e-06,-0.150753974915,-2.34030151367,
1010,9.00000031834e-06,-0.150753974915,-2.13929653168,
1011,9.99999974738e-06,-0.150753974915,-2.13929653168,
1012,1.10000000859e-05,0.0502510070801,-2.34030151367,
1013,1.20000004245e-05,0.0502510070801,-2.13929653168,
1014,1.29999998535e-05,-0.150753974915,-2.34030151367,
1015,1.4000000192e-05,0.0502510070801,-2.13929653168,
1016,1.49999996211e-05,0.0502510070801,-2.13929653168,
1017,1.59999999596e-05,0.0502510070801,-2.13929653168,
1018,1.70000002981e-05,0.251255989075,-1.93829154968,
1019,1.80000006367e-05,0.251255989075,-2.13929653168,
1020,1.89999991562e-05,0.452260971069,-2.13929653168,
1021,1.99999994948e-05,0.251255989075,-1.93829154968,
1022,2.09999998333e-05,0.452260971069,-2.13929653168,
1023,2.20000001718e-05,0.251255989075,-1.73728656769,
1024,2.30000005104e-05,0.452260971069,-1.93829154968,
1025,2.40000008489e-05,0.452260971069,-1.93829154968,
1026,2.49999993684e-05,0.251255989075,-1.93829154968,
1027,2.5999999707e-05,0.452260971069,-1.93829154968,
1028,2.70000000455e-05,0.452260971069,-1.73728656769,
1029,2.80000003841e-05,0.452260971069,-1.73728656769,
1030,2.90000007226e-05,0.452260971069,-1.73728656769,
1031,2.99999992421e-05,0.452260971069,-1.73728656769,
1032,3.09999995807e-05,0.653265953064,-1.73728656769,
1033,3.19999999192e-05,0.653265953064,-1.73728656769,
1034,3.30000002577e-05,0.653265953064,-1.73728656769,
1035,3.40000005963e-05,0.854271888733,-1.73728656769,
1036,3.50000009348e-05,0.653265953064,-1.53628158569,
1037,3.60000012734e-05,0.653265953064,-1.73728656769,
1038,3.70000016119e-05,0.653265953064,-1.53628158569,
1039,3.79999983124e-05,0.653265953064,-1.53628158569,
1040,3.8999998651e-05,0.854271888733,-1.53628158569,
1041,3.99999989895e-05,0.854271888733,-1.53628158569,
1042,4.09999993281e-05,0.854271888733,-1.53628158569,
1043,4.19999996666e-05,1.05527687073,-1.3352766037,
1044,4.30000000051e-05,1.05527687073,-1.73728656769,
1045,4.40000003437e-05,1.05527687073,-1.3352766037,
1046,4.50000006822e-05,1.05527687073,-1.3352766037,
1047,4.60000010207e-05,1.05527687073,-1.3352766037,
1048,4.70000013593e-05,1.05527687073,-1.3352766037,
1049,4.80000016978e-05,1.05527687073,-1.3352766037,
1050,4.89999983984e-05,1.05527687073,-1.3352766037,
1051,4.99999987369e-05,1.25628185272,-1.3352766037,
1052,5.09999990754e-05,1.25628185272,-1.3352766037,
1053,5.1999999414e-05,1.25628185272,-1.3352766037,
1054,5.29999997525e-05,1.25628185272,-1.3352766037,
1055,5.4000000091e-05,1.25628185272,-1.3352766037,
1056,5.50000004296e-05,1.45728683472,-1.3352766037,
1057,5.60000007681e-05,1.25628185272,-1.3352766037,
1058,5.70000011066e-05,1.25628185272,-1.1342716217,
1059,5.80000014452e-05,1.45728683472,-1.1342716217,
1060,5.90000017837e-05,1.45728683472,-1.1342716217,
1061,5.99999984843e-05,1.45728683472,-0.933265686035,
1062,6.09999988228e-05,1.65829181671,-1.1342716217,
1063,6.19999991613e-05,1.45728683472,-0.933265686035,
1064,6.29999994999e-05,1.65829181671,-1.1342716217,
1065,6.39999998384e-05,1.65829181671,-0.933265686035,
1066,6.5000000177e-05,1.65829181671,-1.1342716217,
1067,6.60000005155e-05,1.65829181671,-0.933265686035,
1068,6.7000000854e-05,1.65829181671,-1.1342716217,
1069,6.80000011926e-05,1.65829181671,-0.933265686035,
1070,6.90000015311e-05,1.85929679871,-0.933265686035,
1071,7.00000018696e-05,1.65829181671,-0.933265686035,
1072,7.10000022082e-05,2.0603017807,-0.933265686035,
1073,7.20000025467e-05,1.85929679871,-0.732260704041,
1074,7.30000028852e-05,1.85929679871,-0.732260704041,
1075,7.40000032238e-05,1.85929679871,-0.732260704041,
1076,7.50000035623e-05,1.85929679871,-0.732260704041,
1077,7.59999966249e-05,1.85929679871,-0.933265686035,
1078,7.69999969634e-05,1.85929679871,-0.531255722046,
1079,7.7999997302e-05,1.85929679871,-0.531255722046,
1080,7.89999976405e-05,2.0603017807,-0.732260704041,
1081,7.9999997979e-05,2.0603017807,-0.531255722046,
1082,8.09999983176e-05,2.0603017807,-0.531255722046,
1083,8.19999986561e-05,2.2613067627,-0.531255722046,
1084,8.29999989946e-05,2.2613067627,-0.732260704041,
1085,8.39999993332e-05,2.2613067627,-0.531255722046,
1086,8.49999996717e-05,2.2613067627,-0.330250740051,
1087,8.60000000102e-05,2.2613067627,-0.531255722046,
1088,8.70000003488e-05,2.2613067627,-0.330250740051,
1089,8.80000006873e-05,2.2613067627,-0.531255722046,
1090,8.90000010259e-05,2.2613067627,-0.330250740051,
1091,9.00000013644e-05,2.0603017807,-0.330250740051,
1092,9.10000017029e-05,2.2613067627,-0.330250740051,
1093,9.20000020415e-05,2.46231174469,-0.330250740051,
1094,9.300000238e-05,2.46231174469,-0.330250740051,
1095,9.40000027185e-05,2.46231174469,-0.330250740051,
1096,9.50000030571e-05,2.46231174469,-0.330250740051,
1097,9.60000033956e-05,2.46231174469,-0.330250740051,
1098,9.69999964582e-05,2.46231174469,-0.330250740051,
1099,9.79999967967e-05,2.46231174469,-0.129245758057,
1100,9.89999971353e-05,2.46231174469,-0.330250740051,
1101,9.99999974738e-05,2.66331672668,-0.129245758057,
1102,0.000100999997812,2.66331672668,-0.129245758057,
1103,0.000101999998151,2.46231174469,-0.129245758057,
1104,0.000102999998489,2.66331672668,-0.129245758057,
1105,0.000103999998828,2.66331672668,-0.129245758057,
1106,0.000104999999166,2.66331672668,-0.129245758057,
1107,0.000105999999505,2.66331672668,0.071759223938,
1108,0.000106999999844,2.86432170868,0.071759223938,
1109,0.000108000000182,2.66331672668,-0.129245758057,
1110,0.000109000000521,2.66331672668,0.071759223938,
1111,0.000110000000859,2.86432170868,0.071759223938,
1112,0.000111000001198,2.86432170868,0.071759223938,
1113,0.000112000001536,2.86432170868,0.071759223938,
1114,0.000113000001875,2.86432170868,0.071759223938,
1115,0.000114000002213,3.06532669067,0.272764205933,
1116,0.000115000002552,2.86432170868,0.272764205933,
1117,0.00011600000289,3.06532669067,0.272764205933,
1118,0.000117000003229,2.86432170868,0.272764205933,
1119,0.000118000003567,2.86432170868,0.272764205933,
1120,0.00011899999663,3.06532669067,0.272764205933,
1121,0.000119999996969,2.86432170868,0.272764205933,
1122,0.000120999997307,2.86432170868,0.272764205933,
1123,0.000121999997646,3.26633167267,0.473769187927,
1124,0.00012300000526,3.06532669067,0.473769187927,
1125,0.000123999998323,3.06532669067,0.473769187927,
1126,0.000125000005937,3.26633167267,0.473769187927,
1127,0.000125999999,3.26633167267,0.473769187927,
1128,0.000127000006614,3.26633167267,0.674774169922,
1129,0.000127999999677,3.26633167267,0.473769187927,
1130,0.000128999992739,3.26633167267,0.473769187927,
1131,0.000130000000354,3.26633167267,0.674774169922,
1132,0.000130999993416,3.46733665466,0.473769187927,
1133,0.000132000001031,3.26633167267,0.674774169922,
1134,0.000132999994094,3.46733665466,0.674774169922,
1135,0.000134000001708,3.26633167267,0.674774169922,
1136,0.000134999994771,3.46733665466,0.875779151917,
1137,0.000136000002385,3.46733665466,0.674774169922,
1138,0.000136999995448,3.46733665466,0.875779151917,
1139,0.000138000003062,3.46733665466,0.875779151917,
1140,0.000138999996125,3.66834163666,0.875779151917,
1141,0.000140000003739,3.46733665466,0.674774169922,
1142,0.000140999996802,3.46733665466,0.674774169922,
1143,0.000142000004416,3.66834163666,0.674774169922,
1144,0.000142999997479,3.66834163666,0.875779151917,
1145,0.000144000005093,3.66834163666,1.07678413391,
1146,0.000144999998156,3.66834163666,0.674774169922,
1147,0.00014600000577,3.66834163666,1.07678413391,
1148,0.000146999998833,3.66834163666,0.875779151917,
1149,0.000148000006448,3.66834163666,1.07678413391,
1150,0.00014899999951,3.86934661865,0.875779151917,
1151,0.000150000007125,3.66834163666,1.07678413391,
1152,0.000151000000187,3.66834163666,1.07678413391,
1153,0.00015199999325,3.66834163666,1.07678413391,
1154,0.000153000000864,3.66834163666,1.07678413391,
1155,0.000153999993927,3.66834163666,1.07678413391,
1156,0.000155000001541,3.86934661865,1.07678413391,
1157,0.000155999994604,3.86934661865,1.27778911591,
1158,0.000157000002218,3.86934661865,1.07678413391,
1159,0.000157999995281,3.66834163666,1.27778911591,
1160,0.000159000002895,4.07035160065,1.07678413391,
1161,0.000159999995958,3.86934661865,1.27778911591,
1162,0.000161000003573,3.86934661865,1.27778911591,
1163,0.000161999996635,3.86934661865,1.27778911591,
1164,0.00016300000425,4.07035160065,1.4787940979,
1165,0.000163999997312,4.07035160065,1.27778911591,
1166,0.000165000004927,3.86934661865,1.27778911591,
1167,0.000165999997989,4.07035160065,1.27778911591,
1168,0.000167000005604,4.07035160065,1.27778911591,
1169,0.000167999998666,4.07035160065,1.27778911591,
1170,0.000169000006281,4.07035160065,1.4787940979,
1171,0.000169999999343,4.07035160065,1.4787940979,
1172,0.000171000006958,4.07035160065,1.6797990799,
1173,0.00017200000002,4.07035160065,1.4787940979,
1174,0.000172999993083,4.27135658264,1.4787940979,
1175,0.000174000000698,4.07035160065,1.6797990799,
1176,0.00017499999376,4.27135658264,1.6797990799,
1177,0.000176000001375,4.27135658264,1.4787940979,
1178,0.000176999994437,4.27135658264,1.6797990799,
1179,0.000178000002052,4.47236156464,1.88080406189,
1180,0.000178999995114,4.27135658264,1.6797990799,
1181,0.000180000002729,4.07035160065,1.6797990799,
1182,0.000180999995791,4.27135658264,1.6797990799,
1183,0.000182000003406,4.27135658264,1.6797990799,
1184,0.000182999996468,4.27135658264,1.88080406189,
1185,0.000184000004083,4.07035160065,1.88080406189,
1186,0.000184999997145,4.27135658264,1.6797990799,
1187,0.00018600000476,4.47236156464,1.88080406189,
1188,0.000186999997823,4.27135658264,1.88080406189,
1189,0.000188000005437,4.27135658264,1.88080406189,
1190,0.0001889999985,4.27135658264,1.88080406189,
1191,0.000190000006114,4.47236156464,1.88080406189,
1192,0.000190999999177,4.47236156464,2.08180904388,
1193,0.000192000006791,4.27135658264,2.08180904388,
1194,0.000192999999854,4.47236156464,2.08180904388,
1195,0.000193999992916,4.47236156464,2.08180904388,
1196,0.000195000000531,4.47236156464,2.08180904388,
1197,0.000195999993593,4.47236156464,2.08180904388,
1198,0.000197000001208,4.47236156464,2.08180904388,
1199,0.000197999994271,4.47236156464,2.08180904388,
1200,0.000199000001885,4.47236156464,2.28281450272,
1201,0.000199999994948,4.47236156464,2.08180904388,
1202,0.000201000002562,4.47236156464,2.28281450272,
1203,0.000201999995625,4.67336654663,2.28281450272,
1204,0.000203000003239,4.67336654663,2.28281450272,
1205,0.000203999996302,4.47236156464,2.28281450272,
1206,0.000205000003916,4.47236156464,2.28281450272,
1207,0.000205999996979,4.67336654663,2.28281450272,
1208,0.000207000004593,4.47236156464,2.28281450272,
1209,0.000207999997656,4.67336654663,2.28281450272,
1210,0.00020900000527,4.67336654663,2.48381948471,
1211,0.000209999998333,4.47236156464,2.28281450272,
1212,0.000211000005947,4.47236156464,2.28281450272,
1213,0.00021199999901,4.67336654663,2.48381948471,
1214,0.000213000006624,4.67336654663,2.28281450272,
1215,0.000213999999687,4.67336654663,2.48381948471,
1216,0.00021499999275,4.67336654663,2.48381948471,
1217,0.000216000000364,4.47236156464,2.48381948471,
1218,0.000216999993427,4.67336654663,2.48381948471,
1219,0.000218000001041,4.67336654663,2.48381948471,
1220,0.000218999994104,4.67336654663,2.48381948471,
1221,0.000220000001718,4.67336654663,2.48381948471,
1222,0.000220999994781,4.47236156464,2.48381948471,
1223,0.000222000002395,4.67336654663,2.48381948471,
1224,0.000222999995458,4.87437152863,2.68482446671,
1225,0.000224000003072,4.67336654663,2.68482446671,
1226,0.000224999996135,4.87437152863,2.68482446671,
1227,0.00022600000375,4.67336654663,2.68482446671,
1228,0.000226999996812,4.67336654663,2.68482446671,
1229,0.000228000004427,4.67336654663,2.8858294487,
1230,0.000228999997489,4.67336654663,2.68482446671,
1231,0.000230000005104,4.87437152863,2.68482446671,
1232,0.000230999998166,4.67336654663,2.8858294487,
1233,0.000232000005781,4.87437152863,2.68482446671,
1234,0.000232999998843,4.67336654663,2.68482446671,
1235,0.000234000006458,4.67336654663,2.68482446671,
1236,0.00023499999952,4.87437152863,2.8858294487,
1237,0.000236000007135,4.67336654663,2.8858294487,
1238,0.000237000000197,4.87437152863,2.8858294487,
1239,0.00023799999326,4.87437152863,2.8858294487,
1240,0.000239000000875,4.67336654663,2.8858294487,
1241,0.000239999993937,4.87437152863,2.8858294487,
1242,0.000241000001552,4.67336654663,3.08683443069,
1243,0.000241999994614,4.87437152863,2.8858294487,
1244,0.000243000002229,4.87437152863,2.8858294487,
1245,0.000243999995291,4.67336654663,3.08683443069,
1246,0.000245000002906,4.87437152863,3.08683443069,
1247,0.00024600001052,4.87437152863,3.08683443069,
1248,0.000246999989031,4.67336654663,3.08683443069,
1249,0.000247999996645,4.67336654663,3.08683443069,
1250,0.00024900000426,4.87437152863,3.08683443069,
1251,0.000250000011874,4.87437152863,3.08683443069,
1252,0.000250999990385,4.87437152863,3.08683443069,
1253,0.000251999998,4.87437152863,3.08683443069,
1254,0.000253000005614,4.87437152863,3.08683443069,
1255,0.000254000013229,4.87437152863,3.08683443069,
1256,0.000254999991739,4.67336654663,3.28783941269,
1257,0.000255999999354,4.67336654663,3.28783941269,
1258,0.000257000006968,4.87437152863,3.08683443069,
1259,0.000257999985479,4.87437152863,3.28783941269,
1260,0.000258999993093,4.87437152863,3.28783941269,
1261,0.000260000000708,4.87437152863,3.28783941269,
1262,0.000261000008322,4.87437152863,3.28783941269,
1263,0.000261999986833,4.87437152863,3.28783941269,
1264,0.000262999994447,4.87437152863,3.28783941269,
1265,0.000264000002062,4.87437152863,3.08683443069,
1266,0.000265000009676,4.67336654663,3.28783941269,
1267,0.000265999988187,4.87437152863,3.28783941269,
1268,0.000266999995802,4.67336654663,3.28783941269,
1269,0.000268000003416,4.67336654663,3.48884439468,
1270,0.000269000011031,4.87437152863,3.28783941269,
1271,0.000269999989541,4.87437152863,3.48884439468,
1272,0.000270999997156,4.87437152863,3.28783941269,
1273,0.00027200000477,4.87437152863,3.28783941269,
1274,0.000273000012385,4.87437152863,3.28783941269,
1275,0.000273999990895,4.67336654663,3.28783941269,
1276,0.00027499999851,4.87437152863,3.48884439468,
1277,0.000276000006124,4.67336654663,3.48884439468,
1278,0.000277000013739,4.87437152863,3.48884439468,
1279,0.00027799999225,4.87437152863,3.48884439468,
1280,0.000278999999864,4.67336654663,3.48884439468,
1281,0.000280000007479,4.87437152863,3.68984937668,
1282,0.000280999985989,4.67336654663,3.68984937668,
1283,0.000281999993604,4.87437152863,3.68984937668,
1284,0.000283000001218,4.67336654663,3.48884439468,
1285,0.000284000008833,4.47236156464,3.68984937668,
1286,0.000284999987343,4.87437152863,3.68984937668,
1287,0.000285999994958,4.67336654663,3.48884439468,
1288,0.000287000002572,4.87437152863,3.68984937668,
1289,0.000288000010187,4.87437152863,3.68984937668,
1290,0.000288999988697,4.67336654663,3.68984937668,
1291,0.000289999996312,4.87437152863,3.68984937668,
1292,0.000291000003926,4.67336654663,3.68984937668,
1293,0.000292000011541,4.67336654663,3.68984937668,
1294,0.000292999990052,4.87437152863,3.48884439468,
1295,0.000293999997666,4.87437152863,3.68984937668,
1296,0.000295000005281,4.47236156464,3.68984937668,
1297,0.000296000012895,4.67336654663,3.68984937668,
1298,0.000296999991406,4.67336654663,3.89085435867,
1299,0.00029799999902,4.87437152863,3.68984937668,
1300,0.000299000006635,4.67336654663,3.68984937668,
1301,0.000300000014249,4.67336654663,3.89085435867,
1302,0.00030099999276,4.47236156464,3.89085435867,
1303,0.000302000000374,4.67336654663,3.68984937668,
1304,0.000303000007989,4.67336654663,3.68984937668,
1305,0.0003039999865,4.67336654663,3.68984937668,
1306,0.000304999994114,4.67336654663,3.68984937668,
1307,0.000306000001729,4.47236156464,3.68984937668,
1308,0.000307000009343,4.67336654663,3.68984937668,
1309,0.000307999987854,4.67336654663,3.89085435867,
1310,0.000308999995468,4.87437152863,3.89085435867,
1311,0.000310000003083,4.67336654663,3.89085435867,
1312,0.000311000010697,4.67336654663,3.89085435867,
1313,0.000311999989208,4.67336654663,3.89085435867,
1314,0.000312999996822,4.47236156464,3.89085435867,
1315,0.000314000004437,4.47236156464,3.89085435867,
1316,0.000315000012051,4.47236156464,3.89085435867,
1317,0.000315999990562,4.47236156464,3.89085435867,
1318,0.000316999998176,4.47236156464,3.89085435867,
1319,0.000318000005791,4.67336654663,3.89085435867,
1320,0.000319000013405,4.47236156464,3.68984937668,
1321,0.000319999991916,4.67336654663,3.89085435867,
1322,0.000320999999531,4.47236156464,3.89085435867,
1323,0.000322000007145,4.47236156464,3.89085435867,
1324,0.000322999985656,4.47236156464,3.89085435867,
1325,0.00032399999327,4.27135658264,3.89085435867,
1326,0.000325000000885,4.47236156464,3.89085435867,
1327,0.000326000008499,4.27135658264,3.89085435867,
1328,0.00032699998701,4.47236156464,3.89085435867,
1329,0.000327999994624,4.27135658264,3.89085435867,
1330,0.000329000002239,4.47236156464,3.89085435867,
1331,0.000330000009853,4.27135658264,3.89085435867,
1332,0.000330999988364,4.27135658264,4.09185934067,
1333,0.000331999995979,4.27135658264,4.09185934067,
1334,0.000333000003593,4.27135658264,3.89085435867,
1335,0.000334000011208,4.27135658264,3.89085435867,
1336,0.000334999989718,4.27135658264,4.09185934067,
1337,0.000335999997333,4.27135658264,4.09185934067,
1338,0.000337000004947,4.27135658264,3.89085435867,
1339,0.000338000012562,4.27135658264,4.09185934067,
1340,0.000338999991072,4.27135658264,3.89085435867,
1341,0.000339999998687,4.27135658264,3.89085435867,
1342,0.000341000006301,4.27135658264,4.09185934067,
1343,0.000342000013916,4.07035160065,3.89085435867,
1344,0.000342999992426,4.07035160065,4.09185934067,
1345,0.000344000000041,4.07035160065,3.89085435867,
1346,0.000345000007655,4.07035160065,4.09185934067,
1347,0.000345999986166,4.07035160065,4.09185934067,
1348,0.000346999993781,4.07035160065,4.09185934067,
1349,0.000348000001395,4.07035160065,4.09185934067,
1350,0.00034900000901,4.27135658264,4.09185934067,
1351,0.00034999998752,4.07035160065,3.89085435867,
1352,0.000350999995135,4.07035160065,3.89085435867,
1353,0.000352000002749,4.07035160065,3.89085435867,
1354,0.000353000010364,4.07035160065,3.89085435867,
1355,0.000353999988874,3.86934661865,4.09185934067,
1356,0.000354999996489,3.86934661865,4.09185934067,
1357,0.000356000004103,4.07035160065,4.09185934067,
1358,0.000357000011718,4.07035160065,3.89085435867,
1359,0.000357999990229,3.86934661865,3.89085435867,
1360,0.000358999997843,3.86934661865,3.89085435867,
1361,0.000360000005458,3.86934661865,3.89085435867,
1362,0.000361000013072,3.86934661865,4.09185934067,
1363,0.000361999991583,3.86934661865,3.89085435867,
1364,0.000362999999197,3.86934661865,3.89085435867,
1365,0.000364000006812,3.86934661865,3.89085435867,
1366,0.000365000014426,3.86934661865,3.89085435867,
1367,0.000365999992937,3.66834163666,3.89085435867,
1368,0.000367000000551,3.86934661865,3.89085435867,
1369,0.000368000008166,3.66834163666,4.09185934067,
1370,0.000368999986676,3.66834163666,3.89085435867,
1371,0.000369999994291,3.66834163666,4.09185934067,
1372,0.000371000001905,3.66834163666,3.89085435867,
1373,0.00037200000952,3.66834163666,4.09185934067,
1374,0.000372999988031,3.66834163666,3.89085435867,
1375,0.000373999995645,3.66834163666,3.89085435867,
1376,0.00037500000326,3.66834163666,3.89085435867,
1377,0.000376000010874,3.66834163666,3.89085435867,
1378,0.000376999989385,3.46733665466,3.89085435867,
1379,0.000377999996999,3.46733665466,4.09185934067,
1380,0.000379000004614,3.46733665466,3.89085435867,
1381,0.000380000012228,3.46733665466,3.89085435867,
1382,0.000380999990739,3.46733665466,3.89085435867,
1383,0.000381999998353,3.46733665466,3.89085435867,
1384,0.000383000005968,3.46733665466,3.89085435867,
1385,0.000384000013582,3.46733665466,3.89085435867,
1386,0.000384999992093,3.26633167267,3.89085435867,
1387,0.000385999999708,3.46733665466,3.89085435867,
1388,0.000387000007322,3.26633167267,3.89085435867,
1389,0.000387999985833,3.26633167267,3.68984937668,
1390,0.000388999993447,3.26633167267,3.89085435867,
1391,0.000390000001062,3.46733665466,3.89085435867,
1392,0.000391000008676,3.26633167267,3.68984937668,
1393,0.000391999987187,3.26633167267,3.89085435867,
1394,0.000392999994801,3.06532669067,3.68984937668,
1395,0.000394000002416,3.26633167267,3.89085435867,
1396,0.00039500001003,3.26633167267,3.68984937668,
1397,0.000395999988541,3.06532669067,3.89085435867,
1398,0.000396999996156,3.06532669067,3.68984937668,
1399,0.00039800000377,3.06532669067,3.68984937668,
1400,0.000399000011384,3.06532669067,3.68984937668,
1401,0.000399999989895,3.06532669067,3.68984937668,
1402,0.00040099999751,3.06532669067,3.89085435867,
1403,0.000402000005124,3.06532669067,3.68984937668,
1404,0.000403000012739,3.06532669067,3.89085435867,
1405,0.000403999991249,2.86432170868,3.68984937668,
1406,0.000404999998864,2.86432170868,3.89085435867,
1407,0.000406000006478,2.86432170868,3.68984937668,
1408,0.000407000014093,2.86432170868,3.68984937668,
1409,0.000407999992603,2.86432170868,3.68984937668,
1410,0.000409000000218,2.86432170868,3.68984937668,
1411,0.000410000007832,2.86432170868,3.68984937668,
1412,0.000410999986343,2.86432170868,3.68984937668,
1413,0.000411999993958,2.86432170868,3.68984937668,
1414,0.000413000001572,2.66331672668,3.48884439468,
1415,0.000414000009187,2.66331672668,3.48884439468,
1416,0.000414999987697,2.66331672668,3.48884439468,
1417,0.000415999995312,2.46231174469,3.48884439468,
1418,0.000417000002926,2.86432170868,3.48884439468,
1419,0.000418000010541,2.46231174469,3.68984937668,
1420,0.000418999989051,2.46231174469,3.68984937668,
1421,0.000419999996666,2.46231174469,3.48884439468,
1422,0.00042100000428,2.66331672668,3.48884439468,
1423,0.000422000011895,2.46231174469,3.48884439468,
1424,0.000422999990406,2.46231174469,3.48884439468,
1425,0.00042399999802,2.46231174469,3.68984937668,
1426,0.000425000005635,2.2613067627,3.48884439468,
1427,0.000426000013249,2.2613067627,3.48884439468,
1428,0.00042699999176,2.2613067627,3.48884439468,
1429,0.000427999999374,2.2613067627,3.48884439468,
1430,0.000429000006989,2.2613067627,3.68984937668,
1431,0.000429999985499,2.46231174469,3.48884439468,
1432,0.000430999993114,2.2613067627,3.48884439468,
1433,0.000432000000728,2.2613067627,3.28783941269,
1434,0.000433000008343,2.2613067627,3.48884439468,
1435,0.000433999986853,2.0603017807,3.28783941269,
1436,0.000434999994468,2.0603017807,3.28783941269,
1437,0.000436000002082,2.0603017807,3.48884439468,
1438,0.000437000009697,2.0603017807,3.28783941269,
1439,0.000437999988208,2.0603017807,3.28783941269,
1440,0.000438999995822,2.0603017807,3.08683443069,
1441,0.000440000003437,1.85929679871,3.28783941269,
1442,0.000441000011051,2.0603017807,3.48884439468,
1443,0.000441999989562,1.85929679871,3.08683443069,
1444,0.000442999997176,1.85929679871,3.48884439468,
1445,0.000444000004791,2.0603017807,3.08683443069,
1446,0.000445000012405,1.85929679871,3.28783941269,
1447,0.000445999990916,1.85929679871,3.08683443069,
1448,0.00044699999853,1.65829181671,3.08683443069,
1449,0.000448000006145,1.85929679871,3.28783941269,
1450,0.000449000013759,1.65829181671,3.28783941269,
1451,0.00044999999227,1.85929679871,3.08683443069,
1452,0.000450999999885,1.65829181671,3.28783941269,
1453,0.000452000007499,1.65829181671,3.08683443069,
1454,0.00045299998601,1.45728683472,3.28783941269,
1455,0.000453999993624,1.45728683472,3.08683443069,
1456,0.000455000001239,1.65829181671,3.08683443069,
1457,0.000456000008853,1.45728683472,3.08683443069,
1458,0.000456999987364,1.45728683472,3.08683443069,
1459,0.000457999994978,1.45728683472,3.08683443069,
1460,0.000459000002593,1.45728683472,2.8858294487,
1461,0.000460000010207,1.25628185272,3.08683443069,
1462,0.000460999988718,1.45728683472,3.08683443069,
1463,0.000461999996332,1.25628185272,3.08683443069,
1464,0.000463000003947,1.25628185272,3.08683443069,
1465,0.000464000011561,1.25628185272,3.08683443069,
1466,0.000464999990072,1.25628185272,2.68482446671,
1467,0.000465999997687,1.25628185272,2.68482446671,
1468,0.000467000005301,1.25628185272,2.8858294487,
1469,0.000468000012916,1.25628185272,2.8858294487,
1470,0.000468999991426,1.05527687073,2.8858294487,
1471,0.000469999999041,1.05527687073,2.68482446671,
1472,0.000471000006655,1.05527687073,2.8858294487,
1473,0.00047200001427,1.25628185272,2.68482446671,
1474,0.00047299999278,1.05527687073,2.8858294487,
1475,0.000474000000395,1.05527687073,2.68482446671,
1476,0.000475000008009,1.05527687073,2.68482446671,
1477,0.00047599998652,0.854271888733,2.68482446671,
1478,0.000476999994135,0.854271888733,2.68482446671,
1479,0.000478000001749,0.854271888733,2.68482446671,
1480,0.000479000009364,0.854271888733,2.8858294487,
1481,0.000479999987874,0.854271888733,2.68482446671,
1482,0.000480999995489,0.653265953064,2.68482446671,
1483,0.000482000003103,0.854271888733,2.68482446671,
1484,0.000483000010718,0.854271888733,2.68482446671,
1485,0.000483999989228,0.653265953064,2.48381948471,
1486,0.000484999996843,0.653265953064,2.68482446671,
1487,0.000486000004457,0.653265953064,2.48381948471,
1488,0.000487000012072,0.653265953064,2.68482446671,
1489,0.000487999990582,0.653265953064,2.48381948471,
1490,0.000488999998197,0.452260971069,2.48381948471,
1491,0.000490000005811,0.452260971069,2.68482446671,
1492,0.000491000013426,0.452260971069,2.28281450272,
1493,0.00049200002104,0.452260971069,2.28281450272,
1494,0.000493000028655,0.452260971069,2.48381948471,
1495,0.000493999978062,0.452260971069,2.28281450272,
1496,0.000494999985676,0.251255989075,2.28281450272,
1497,0.000495999993291,0.251255989075,2.28281450272,
1498,0.000497000000905,0.251255989075,2.28281450272,
1499,0.00049800000852,0.452260971069,2.28281450272,
1500,0.000499000016134,0.0502510070801,2.08180904388,
1501,0.000500000023749,0.251255989075,2.28281450272,
1502,0.000500999973156,-0.150753974915,2.28281450272,
1503,0.00050199998077,0.0502510070801,2.28281450272,
1504,0.000502999988385,-0.150753974915,2.08180904388,
1505,0.000503999995999,0.251255989075,2.28281450272,
1506,0.000505000003614,0.0502510070801,2.08180904388,
1507,0.000506000011228,0.0502510070801,2.28281450272,
1508,0.000507000018843,0.0502510070801,2.08180904388,
1509,0.000508000026457,-0.150753974915,2.08180904388,
1510,0.000508999975864,-0.150753974915,2.08180904388,
1511,0.000509999983478,-0.150753974915,1.88080406189,
1512,0.000510999991093,-0.150753974915,1.88080406189,
1513,0.000511999998707,-0.150753974915,2.08180904388,
1514,0.000513000006322,-0.351758956909,2.08180904388,
1515,0.000514000013936,-0.150753974915,1.88080406189,
1516,0.000515000021551,-0.351758956909,1.88080406189,
1517,0.000515999970958,-0.351758956909,1.88080406189,
1518,0.000516999978572,-0.552763938904,2.08180904388,
1519,0.000517999986187,-0.351758956909,1.88080406189,
1520,0.000518999993801,-0.552763938904,1.88080406189,
1521,0.000520000001416,-0.351758956909,1.88080406189,
1522,0.00052100000903,-0.552763938904,1.6797990799,
1523,0.000522000016645,-0.552763938904,1.88080406189,
1524,0.000523000024259,-0.552763938904,1.6797990799,
1525,0.000523999973666,-0.552763938904,1.88080406189,
1526,0.00052499998128,-0.552763938904,1.6797990799,
1527,0.000525999988895,-0.552763938904,1.88080406189,
1528,0.000526999996509,-0.753768920898,1.6797990799,
1529,0.000528000004124,-0.954773902893,1.6797990799,
1530,0.000529000011738,-0.753768920898,1.6797990799,
1531,0.000530000019353,-0.753768920898,1.4787940979,
1532,0.000531000026967,-0.753768920898,1.4787940979,
1533,0.000531999976374,-0.753768920898,1.4787940979,
1534,0.000532999983989,-0.954773902893,1.6797990799,
1535,0.000533999991603,-0.954773902893,1.4787940979,
1536,0.000534999999218,-0.954773902893,1.4787940979,
1537,0.000536000006832,-0.954773902893,1.4787940979,
1538,0.000537000014447,-0.954773902893,1.4787940979,
1539,0.000538000022061,-0.954773902893,1.27778911591,
1540,0.000538999971468,-0.954773902893,1.4787940979,
1541,0.000539999979082,-1.15577888489,1.4787940979,
1542,0.000540999986697,-1.15577888489,1.27778911591,
1543,0.000541999994311,-1.15577888489,1.27778911591,
1544,0.000543000001926,-1.15577888489,1.27778911591,
1545,0.00054400000954,-1.15577888489,1.27778911591,
1546,0.000545000017155,-1.15577888489,1.27778911591,
1547,0.000546000024769,-1.35678386688,1.27778911591,
1548,0.000546999974176,-1.35678386688,1.27778911591,
1549,0.000547999981791,-1.35678386688,1.07678413391,
1550,0.000548999989405,-1.35678386688,1.07678413391,
1551,0.00054999999702,-1.35678386688,1.07678413391,
1552,0.000551000004634,-1.55778884888,1.07678413391,
1553,0.000552000012249,-1.55778884888,1.07678413391,
1554,0.000553000019863,-1.55778884888,1.07678413391,
1555,0.000554000027478,-1.35678386688,1.07678413391,
1556,0.000554999976885,-1.55778884888,1.07678413391,
1557,0.000555999984499,-1.75879383087,0.875779151917,
1558,0.000556999992114,-1.55778884888,1.07678413391,
1559,0.000557999999728,-1.55778884888,0.875779151917,
1560,0.000559000007343,-1.55778884888,1.07678413391,
1561,0.000560000014957,-1.55778884888,1.07678413391,
1562,0.000561000022572,-1.55778884888,0.875779151917,
1563,0.000561999971978,-1.75879383087,0.875779151917,
1564,0.000562999979593,-1.75879383087,0.875779151917,
1565,0.000563999987207,-1.75879383087,0.875779151917,
1566,0.000564999994822,-1.95979881287,0.875779151917,
1567,0.000566000002436,-1.95979881287,0.875779151917,
1568,0.000567000010051,-1.95979881287,0.674774169922,
1569,0.000568000017665,-1.75879383087,0.674774169922,
1570,0.00056900002528,-1.95979881287,0.674774169922,
1571,0.000569999974687,-1.95979881287,0.674774169922,
1572,0.000570999982301,-1.95979881287,0.875779151917,
1573,0.000571999989916,-1.95979881287,0.674774169922,
1574,0.00057299999753,-1.95979881287,0.674774169922,
1575,0.000574000005145,-1.95979881287,0.674774169922,
1576,0.000575000012759,-2.16080379486,0.674774169922,
1577,0.000576000020374,-2.16080379486,0.674774169922,
1578,0.000577000027988,-1.95979881287,0.473769187927,
1579,0.000577999977395,-1.95979881287,0.473769187927,
1580,0.000578999985009,-2.16080379486,0.473769187927,
1581,0.000579999992624,-2.36180877686,0.473769187927,
1582,0.000581000000238,-2.16080379486,0.473769187927,
1583,0.000582000007853,-2.36180877686,0.473769187927,
1584,0.000583000015467,-2.16080379486,0.473769187927,
1585,0.000584000023082,-2.16080379486,0.272764205933,
1586,0.000584999972489,-2.36180877686,0.473769187927,
1587,0.000585999980103,-2.36180877686,0.473769187927,
1588,0.000586999987718,-2.56281423569,0.272764205933,
1589,0.000587999995332,-2.36180877686,0.272764205933,
1590,0.000589000002947,-2.36180877686,0.272764205933,
1591,0.000590000010561,-2.56281423569,0.071759223938,
1592,0.000591000018176,-2.56281423569,0.071759223938,
1593,0.00059200002579,-2.56281423569,0.071759223938,
1594,0.000592999975197,-2.56281423569,0.272764205933,
1595,0.000593999982812,-2.76381921768,0.071759223938,
1596,0.000594999990426,-2.56281423569,0.071759223938,
1597,0.00059599999804,-2.76381921768,0.071759223938,
1598,0.000597000005655,-2.76381921768,0.071759223938,
1599,0.000598000013269,-2.76381921768,0.071759223938,
1600,0.000599000020884,-2.96482419968,-0.129245758057,
1601,0.000600000028498,-2.96482419968,-0.129245758057,
1602,0.000600999977905,-2.76381921768,0.071759223938,
1603,0.00060199998552,-2.76381921768,-0.129245758057,
1604,0.000602999993134,-2.76381921768,-0.129245758057,
1605,0.000604000000749,-2.96482419968,-0.129245758057,
1606,0.000605000008363,-2.76381921768,-0.129245758057,
1607,0.000606000015978,-2.96482419968,-0.129245758057,
1608,0.000607000023592,-2.96482419968,-0.129245758057,
1609,0.000607999972999,-2.76381921768,-0.129245758057,
1610,0.000608999980614,-2.96482419968,-0.129245758057,
1611,0.000609999988228,-3.16582918167,-0.330250740051,
1612,0.000610999995843,-2.96482419968,-0.330250740051,
1613,0.000612000003457,-2.96482419968,-0.330250740051,
1614,0.000613000011072,-2.96482419968,-0.531255722046,
1615,0.000614000018686,-2.96482419968,-0.330250740051,
1616,0.000615000026301,-3.16582918167,-0.330250740051,
1617,0.000615999975707,-3.16582918167,-0.330250740051,
1618,0.000616999983322,-3.36683416367,-0.531255722046,
1619,0.000617999990936,-3.16582918167,-0.531255722046,
1620,0.000618999998551,-3.16582918167,-0.330250740051,
1621,0.000620000006165,-3.16582918167,-0.330250740051,
1622,0.00062100001378,-3.16582918167,-0.531255722046,
1623,0.000622000021394,-3.36683416367,-0.531255722046,
1624,0.000623000029009,-3.36683416367,-0.732260704041,
1625,0.000623999978416,-3.36683416367,-0.531255722046,
1626,0.00062499998603,-3.36683416367,-0.732260704041,
1627,0.000625999993645,-3.36683416367,-0.531255722046,
1628,0.000627000001259,-3.36683416367,-0.933265686035,
1629,0.000628000008874,-3.56783914566,-0.531255722046,
1630,0.000629000016488,-3.36683416367,-0.531255722046,
1631,0.000630000024103,-3.56783914566,-0.732260704041,
1632,0.000630999973509,-3.56783914566,-0.732260704041,
1633,0.000631999981124,-3.56783914566,-0.732260704041,
1634,0.000632999988738,-3.56783914566,-0.732260704041,
1635,0.000633999996353,-3.56783914566,-0.732260704041,
1636,0.000635000003967,-3.56783914566,-0.933265686035,
1637,0.000636000011582,-3.56783914566,-0.933265686035,
1638,0.000637000019196,-3.76884412766,-0.933265686035,
1639,0.000638000026811,-3.76884412766,-0.732260704041,
1640,0.000638999976218,-3.76884412766,-0.933265686035,
1641,0.000639999983832,-3.76884412766,-0.732260704041,
1642,0.000640999991447,-3.76884412766,-1.1342716217,
1643,0.000641999999061,-3.76884412766,-1.1342716217,
1644,0.000643000006676,-3.76884412766,-0.933265686035,
1645,0.00064400001429,-3.76884412766,-1.1342716217,
1646,0.000645000021905,-3.76884412766,-1.1342716217,
1647,0.000645999971312,-3.76884412766,-1.1342716217,
1648,0.000646999978926,-3.96984910965,-1.1342716217,
1649,0.000647999986541,-3.96984910965,-1.1342716217,
1650,0.000648999994155,-3.76884412766,-1.3352766037,
1651,0.00065000000177,-3.96984910965,-1.1342716217,
1652,0.000651000009384,-3.96984910965,-1.1342716217,
1653,0.000652000016998,-3.96984910965,-1.1342716217,
1654,0.000653000024613,-3.76884412766,-1.3352766037,
1655,0.00065399997402,-3.96984910965,-1.3352766037,
1656,0.000654999981634,-3.96984910965,-1.3352766037,
1657,0.000655999989249,-3.96984910965,-1.3352766037,
1658,0.000656999996863,-3.96984910965,-1.3352766037,
1659,0.000658000004478,-4.17085409164,-1.3352766037,
1660,0.000659000012092,-3.96984910965,-1.53628158569,
1661,0.000660000019707,-4.17085409164,-1.3352766037,
1662,0.000661000027321,-4.17085409164,-1.53628158569,
1663,0.000661999976728,-4.17085409164,-1.53628158569,
1664,0.000662999984343,-4.37185907364,-1.53628158569,
1665,0.000663999991957,-4.17085409164,-1.53628158569,
1666,0.000664999999572,-4.17085409164,-1.53628158569,
1667,0.000666000007186,-4.17085409164,-1.53628158569,
1668,0.000667000014801,-4.17085409164,-1.53628158569,
1669,0.000668000022415,-4.37185907364,-1.73728656769,
1670,0.000668999971822,-4.17085409164,-1.53628158569,
1671,0.000669999979436,-4.37185907364,-1.73728656769,
1672,0.000670999987051,-4.17085409164,-1.73728656769,
1673,0.000671999994665,-4.17085409164,-1.73728656769,
1674,0.00067300000228,-4.37185907364,-1.93829154968,
1675,0.000674000009894,-4.37185907364,-1.73728656769,
1676,0.000675000017509,-4.37185907364,-1.73728656769,
1677,0.000676000025123,-4.37185907364,-1.73728656769,
1678,0.00067699997453,-4.37185907364,-1.93829154968,
1679,0.000677999982145,-4.37185907364,-1.93829154968,
1680,0.000678999989759,-4.37185907364,-1.93829154968,
1681,0.000679999997374,-4.57286405563,-1.73728656769,
1682,0.000681000004988,-4.37185907364,-1.93829154968,
1683,0.000682000012603,-4.57286405563,-1.93829154968,
1684,0.000683000020217,-4.37185907364,-1.93829154968,
1685,0.000684000027832,-4.37185907364,-1.93829154968,
1686,0.000684999977238,-4.57286405563,-1.93829154968,
1687,0.000685999984853,-4.57286405563,-1.93829154968,
1688,0.000686999992467,-4.57286405563,-1.93829154968,
1689,0.000688000000082,-4.57286405563,-1.93829154968,
1690,0.000689000007696,-4.57286405563,-1.93829154968,
1691,0.000690000015311,-4.57286405563,-2.13929653168,
1692,0.000691000022925,-4.57286405563,-2.13929653168,
1693,0.000691999972332,-4.57286405563,-2.13929653168,
1694,0.000692999979947,-4.57286405563,-2.13929653168,
1695,0.000693999987561,-4.77386951447,-2.13929653168,
1696,0.000694999995176,-4.57286405563,-2.34030151367,
1697,0.00069600000279,-4.77386951447,-2.13929653168,
1698,0.000697000010405,-4.77386951447,-2.34030151367,
1699,0.000698000018019,-4.77386951447,-2.13929653168,
1700,0.000699000025634,-4.57286405563,-2.34030151367,
1701,0.000699999975041,-4.57286405563,-2.13929653168,
1702,0.000700999982655,-4.77386951447,-2.34030151367,
1703,0.00070199999027,-4.77386951447,-2.34030151367,
1704,0.000702999997884,-4.77386951447,-2.34030151367,
1705,0.000704000005499,-4.77386951447,-2.34030151367,
1706,0.000705000013113,-4.77386951447,-2.34030151367,
1707,0.000706000020728,-4.77386951447,-2.54130649567,
1708,0.000707000028342,-4.77386951447,-2.54130649567,
1709,0.000707999977749,-4.77386951447,-2.34030151367,
1710,0.000708999985363,-4.77386951447,-2.34030151367,
1711,0.000709999992978,-4.77386951447,-2.34030151367,
1712,0.000711000000592,-4.77386951447,-2.54130649567,
1713,0.000712000008207,-4.57286405563,-2.54130649567,
1714,0.000713000015821,-4.97487449646,-2.74231147766,
1715,0.000714000023436,-4.97487449646,-2.54130649567,
1716,0.000714999972843,-4.97487449646,-2.54130649567,
1717,0.000715999980457,-4.97487449646,-2.74231147766,
1718,0.000716999988072,-4.97487449646,-2.54130649567,
1719,0.000717999995686,-4.97487449646,-2.74231147766,
1720,0.000719000003301,-4.97487449646,-2.74231147766,
1721,0.000720000010915,-4.97487449646,-2.54130649567,
1722,0.00072100001853,-4.77386951447,-2.74231147766,
1723,0.000722000026144,-4.97487449646,-2.94331645966,
1724,0.000722999975551,-4.77386951447,-2.74231147766,
1725,0.000723999983165,-4.97487449646,-2.94331645966,
1726,0.00072499999078,-4.97487449646,-2.94331645966,
1727,0.000725999998394,-4.97487449646,-2.94331645966,
1728,0.000727000006009,-4.97487449646,-2.94331645966,
1729,0.000728000013623,-4.97487449646,-2.94331645966,
1730,0.000729000021238,-4.97487449646,-2.94331645966,
1731,0.000730000028852,-4.97487449646,-2.74231147766,
1732,0.000730999978259,-4.97487449646,-2.94331645966,
1733,0.000731999985874,-4.97487449646,-2.94331645966,
1734,0.000732999993488,-4.97487449646,-2.94331645966,
1735,0.000734000001103,-4.97487449646,-2.74231147766,
1736,0.000735000008717,-4.97487449646,-2.74231147766,
1737,0.000736000016332,-4.77386951447,-2.94331645966,
1738,0.000737000023946,-4.77386951447,-2.94331645966,
1739,0.000737999973353,-4.97487449646,-3.14432144165,
1740,0.000738999980967,-4.97487449646,-3.14432144165,
1741,0.000739999988582,-5.17587947845,-2.94331645966,
1742,0.000740999996196,-5.17587947845,-3.14432144165,
1743,0.000742000003811,-5.17587947845,-3.14432144165,
1744,0.000743000011425,-4.97487449646,-3.14432144165,
1745,0.00074400001904,-4.97487449646,-3.34532642365,
1746,0.000745000026654,-4.97487449646,-3.14432144165,
1747,0.000745999976061,-4.97487449646,-3.14432144165,
1748,0.000746999983676,-4.97487449646,-3.34532642365,
1749,0.00074799999129,-5.17587947845,-3.14432144165,
1750,0.000748999998905,-4.97487449646,-3.14432144165,
1751,0.000750000006519,-4.97487449646,-3.14432144165,
1752,0.000751000014134,-5.17587947845,-3.34532642365,
1753,0.000752000021748,-4.97487449646,-3.34532642365,
1754,0.000752999971155,-4.97487449646,-3.14432144165,
1755,0.00075399997877,-4.97487449646,-3.14432144165,
1756,0.000754999986384,-4.97487449646,-3.34532642365,
1757,0.000755999993999,-5.17587947845,-3.34532642365,
1758,0.000757000001613,-4.97487449646,-3.34532642365,
1759,0.000758000009228,-4.97487449646,-3.34532642365,
1760,0.000759000016842,-4.97487449646,-3.14432144165,
1761,0.000760000024457,-5.17587947845,-3.34532642365,
1762,0.000760999973863,-5.17587947845,-3.54633140564,
1763,0.000761999981478,-5.17587947845,-3.54633140564,
1764,0.000762999989092,-4.97487449646,-3.54633140564,
1765,0.000763999996707,-4.97487449646,-3.54633140564,
1766,0.000765000004321,-5.17587947845,-3.34532642365,
1767,0.000766000011936,-4.97487449646,-3.34532642365,
1768,0.00076700001955,-5.17587947845,-3.54633140564,
1769,0.000768000027165,-4.97487449646,-3.54633140564,
1770,0.000768999976572,-5.17587947845,-3.54633140564,
1771,0.000769999984186,-5.17587947845,-3.54633140564,
1772,0.000770999991801,-4.97487449646,-3.54633140564,
1773,0.000771999999415,-4.97487449646,-3.54633140564,
1774,0.00077300000703,-4.97487449646,-3.54633140564,
1775,0.000774000014644,-4.97487449646,-3.54633140564,
1776,0.000775000022259,-4.97487449646,-3.74733638763,
1777,0.000775999971665,-4.97487449646,-3.54633140564,
1778,0.00077699997928,-4.97487449646,-3.74733638763,
1779,0.000777999986894,-4.97487449646,-3.54633140564,
1780,0.000778999994509,-4.97487449646,-3.74733638763,
1781,0.000780000002123,-4.77386951447,-3.54633140564,
1782,0.000781000009738,-4.77386951447,-3.74733638763,
1783,0.000782000017352,-4.97487449646,-3.74733638763,
1784,0.000783000024967,-4.97487449646,-3.54633140564,
1785,0.000783999974374,-4.97487449646,-3.74733638763,
1786,0.000784999981988,-4.97487449646,-3.74733638763,
1787,0.000785999989603,-4.97487449646,-3.74733638763,
1788,0.000786999997217,-4.77386951447,-3.74733638763,
1789,0.000788000004832,-4.97487449646,-3.74733638763,
1790,0.000789000012446,-5.17587947845,-3.74733638763,
1791,0.000790000020061,-4.97487449646,-3.74733638763,
1792,0.000791000027675,-4.77386951447,-3.74733638763,
1793,0.000791999977082,-4.97487449646,-3.74733638763,
1794,0.000792999984697,-4.97487449646,-3.94834136963,
1795,0.000793999992311,-4.77386951447,-3.94834136963,
1796,0.000794999999925,-4.77386951447,-3.94834136963,
1797,0.00079600000754,-4.97487449646,-3.74733638763,
1798,0.000797000015154,-4.97487449646,-3.74733638763,
1799,0.000798000022769,-4.77386951447,-3.94834136963,
1800,0.000798999972176,-4.97487449646,-3.74733638763,
1801,0.00079999997979,-4.97487449646,-3.94834136963,
1802,0.000800999987405,-4.97487449646,-3.74733638763,
1803,0.000801999995019,-4.77386951447,-3.94834136963,
1804,0.000803000002634,-4.77386951447,-3.94834136963,
1805,0.000804000010248,-4.77386951447,-3.94834136963,
1806,0.000805000017863,-4.77386951447,-3.94834136963,
1807,0.000806000025477,-4.77386951447,-3.94834136963,
1808,0.000806999974884,-4.77386951447,-3.94834136963,
1809,0.000807999982499,-4.97487449646,-3.94834136963,
1810,0.000808999990113,-4.77386951447,-3.94834136963,
1811,0.000809999997728,-4.77386951447,-3.94834136963,
1812,0.000811000005342,-4.77386951447,-3.94834136963,
1813,0.000812000012957,-4.77386951447,-3.94834136963,
1814,0.000813000020571,-4.77386951447,-3.94834136963,
1815,0.000814000028186,-4.77386951447,-4.14934635162,
1816,0.000814999977592,-4.77386951447,-3.94834136963,
1817,0.000815999985207,-4.77386951447,-4.14934635162,
1818,0.000816999992821,-4.77386951447,-3.94834136963,
1819,0.000818000000436,-4.77386951447,-3.94834136963,
1820,0.00081900000805,-4.77386951447,-3.94834136963,
1821,0.000820000015665,-4.77386951447,-3.94834136963,
1822,0.000821000023279,-4.77386951447,-4.14934635162,
1823,0.000821999972686,-4.57286405563,-3.94834136963,
1824,0.000822999980301,-4.57286405563,-3.94834136963,
1825,0.000823999987915,-4.77386951447,-4.14934635162,
1826,0.00082499999553,-4.57286405563,-4.14934635162,
1827,0.000826000003144,-4.57286405563,-4.14934635162,
1828,0.000827000010759,-4.57286405563,-3.94834136963,
1829,0.000828000018373,-4.77386951447,-3.94834136963,
1830,0.000829000025988,-4.57286405563,-4.14934635162,
1831,0.000829999975394,-4.57286405563,-4.14934635162,
1832,0.000830999983009,-4.57286405563,-3.94834136963,
1833,0.000831999990623,-4.57286405563,-3.94834136963,
1834,0.000832999998238,-4.57286405563,-3.94834136963,
1835,0.000834000005852,-4.57286405563,-4.14934635162,
1836,0.000835000013467,-4.37185907364,-4.14934635162,
1837,0.000836000021081,-4.57286405563,-4.14934635162,
1838,0.000837000028696,-4.57286405563,-4.14934635162,
1839,0.000837999978103,-4.57286405563,-3.94834136963,
1840,0.000838999985717,-4.57286405563,-4.14934635162,
1841,0.000839999993332,-4.37185907364,-3.94834136963,
1842,0.000841000000946,-4.57286405563,-4.14934635162,
1843,0.000842000008561,-4.37185907364,-3.94834136963,
1844,0.000843000016175,-4.37185907364,-4.14934635162,
1845,0.00084400002379,-4.37185907364,-3.94834136963,
1846,0.000844999973197,-4.37185907364,-4.14934635162,
1847,0.000845999980811,-4.37185907364,-4.14934635162,
1848,0.000846999988426,-4.17085409164,-3.74733638763,
1849,0.00084799999604,-4.17085409164,-4.14934635162,
1850,0.000849000003655,-4.17085409164,-4.14934635162,
1851,0.000850000011269,-4.17085409164,-3.94834136963,
1852,0.000851000018883,-4.37185907364,-4.14934635162,
1853,0.000852000026498,-4.37185907364,-4.14934635162,
1854,0.000852999975905,-4.37185907364,-4.14934635162,
1855,0.000853999983519,-4.17085409164,-4.14934635162,
1856,0.000854999991134,-4.17085409164,-4.14934635162,
1857,0.000855999998748,-4.17085409164,-4.14934635162,
1858,0.000857000006363,-4.17085409164,-4.14934635162,
1859,0.000858000013977,-4.17085409164,-4.14934635162,
1860,0.000859000021592,-4.17085409164,-3.94834136963,
1861,0.000859999970999,-4.17085409164,-3.94834136963,
1862,0.000860999978613,-3.96984910965,-3.94834136963,
1863,0.000861999986228,-3.96984910965,-3.94834136963,
1864,0.000862999993842,-3.96984910965,-4.14934635162,
1865,0.000864000001457,-3.96984910965,-4.14934635162,
1866,0.000865000009071,-3.96984910965,-4.14934635162,
1867,0.000866000016686,-3.96984910965,-3.94834136963,
1868,0.0008670000243,-3.76884412766,-3.94834136963,
1869,0.000867999973707,-3.96984910965,-3.94834136963,
1870,0.000868999981321,-3.76884412766,-4.14934635162,
1871,0.000869999988936,-3.96984910965,-4.14934635162,
1872,0.00087099999655,-3.76884412766,-4.14934635162,
1873,0.000872000004165,-3.76884412766,-4.14934635162,
1874,0.000873000011779,-3.76884412766,-4.14934635162,
1875,0.000874000019394,-3.76884412766,-4.14934635162,
1876,0.000875000027008,-3.76884412766,-4.14934635162,
1877,0.000875999976415,-3.76884412766,-3.94834136963,
1878,0.00087699998403,-3.76884412766,-3.94834136963,
1879,0.000877999991644,-3.76884412766,-4.14934635162,
1880,0.000878999999259,-3.76884412766,-4.14934635162,
1881,0.000880000006873,-3.76884412766,-4.14934635162,
1882,0.000881000014488,-3.76884412766,-4.14934635162,
1883,0.000882000022102,-3.36683416367,-4.14934635162,
1884,0.000882999971509,-3.56783914566,-3.94834136963,
1885,0.000883999979123,-3.56783914566,-3.94834136963,
1886,0.000884999986738,-3.76884412766,-3.94834136963,
1887,0.000885999994352,-3.56783914566,-4.14934635162,
1888,0.000887000001967,-3.36683416367,-4.14934635162,
1889,0.000888000009581,-3.56783914566,-3.94834136963,
1890,0.000889000017196,-3.36683416367,-3.94834136963,
1891,0.00089000002481,-3.56783914566,-3.94834136963,
1892,0.000890999974217,-3.56783914566,-3.94834136963,
1893,0.000891999981832,-3.36683416367,-3.94834136963,
1894,0.000892999989446,-3.56783914566,-3.94834136963,
1895,0.000893999997061,-3.56783914566,-3.94834136963,
1896,0.000895000004675,-3.36683416367,-3.74733638763,
1897,0.00089600001229,-3.16582918167,-3.94834136963,
1898,0.000897000019904,-3.36683416367,-3.74733638763,
1899,0.000898000027519,-3.36683416367,-3.94834136963,
1900,0.000898999976926,-3.36683416367,-3.94834136963,
1901,0.00089999998454,-3.16582918167,-3.74733638763,
1902,0.000900999992155,-3.36683416367,-3.74733638763,
1903,0.000901999999769,-3.16582918167,-3.94834136963,
1904,0.000903000007384,-3.16582918167,-3.94834136963,
1905,0.000904000014998,-2.96482419968,-3.74733638763,
1906,0.000905000022613,-3.16582918167,-3.74733638763,
1907,0.000905999972019,-2.96482419968,-3.74733638763,
1908,0.000906999979634,-2.96482419968,-3.94834136963,
1909,0.000907999987248,-2.96482419968,-3.74733638763,
1910,0.000908999994863,-2.96482419968,-3.74733638763,
1911,0.000910000002477,-3.16582918167,-3.74733638763,
1912,0.000911000010092,-3.16582918167,-3.74733638763,
1913,0.000912000017706,-2.96482419968,-3.74733638763,
1914,0.000913000025321,-2.96482419968,-3.74733638763,
1915,0.000913999974728,-2.96482419968,-3.74733638763,
1916,0.000914999982342,-2.76381921768,-3.74733638763,
1917,0.000915999989957,-2.76381921768,-3.74733638763,
1918,0.000916999997571,-2.76381921768,-3.74733638763,
1919,0.000918000005186,-2.76381921768,-3.74733638763,
1920,0.0009190000128,-2.76381921768,-3.54633140564,
1921,0.000920000020415,-2.56281423569,-3.74733638763,
1922,0.000921000028029,-2.76381921768,-3.74733638763,
1923,0.000921999977436,-2.76381921768,-3.54633140564,
1924,0.00092299998505,-2.56281423569,-3.54633140564,
1925,0.000923999992665,-2.56281423569,-3.54633140564,
1926,0.000925000000279,-2.56281423569,-3.54633140564,
1927,0.000926000007894,-2.56281423569,-3.54633140564,
1928,0.000927000015508,-2.56281423569,-3.54633140564,
1929,0.000928000023123,-2.56281423569,-3.54633140564,
1930,0.00092899997253,-2.36180877686,-3.54633140564,
1931,0.000929999980144,-2.56281423569,-3.54633140564,
1932,0.000930999987759,-2.36180877686,-3.54633140564,
1933,0.000931999995373,-2.56281423569,-3.74733638763,
1934,0.000933000002988,-2.36180877686,-3.54633140564,
1935,0.000934000010602,-2.56281423569,-3.54633140564,
1936,0.000935000018217,-2.36180877686,-3.54633140564,
1937,0.000936000025831,-2.36180877686,-3.54633140564,
1938,0.000936999975238,-2.36180877686,-3.54633140564,
1939,0.000937999982852,-2.36180877686,-3.54633140564,
1940,0.000938999990467,-2.16080379486,-3.34532642365,
1941,0.000939999998081,-2.16080379486,-3.34532642365,
1942,0.000941000005696,-2.16080379486,-3.34532642365,
1943,0.00094200001331,-2.16080379486,-3.34532642365,
1944,0.000943000020925,-2.16080379486,-3.54633140564,
1945,0.000944000028539,-2.16080379486,-3.34532642365,
1946,0.000944999977946,-1.95979881287,-3.34532642365,
1947,0.000945999985561,-1.95979881287,-3.34532642365,
1948,0.000946999993175,-1.95979881287,-3.34532642365,
1949,0.00094800000079,-1.95979881287,-3.54633140564,
1950,0.000949000008404,-1.95979881287,-3.34532642365,
1951,0.000950000016019,-1.95979881287,-3.34532642365,
1952,0.000951000023633,-1.75879383087,-3.34532642365,
1953,0.00095199997304,-1.75879383087,-3.14432144165,
1954,0.000952999980655,-1.75879383087,-3.34532642365,
1955,0.000953999988269,-1.75879383087,-3.34532642365,
1956,0.000954999995884,-1.75879383087,-3.14432144165,
1957,0.000956000003498,-1.75879383087,-3.34532642365,
1958,0.000957000011113,-1.55778884888,-3.14432144165,
1959,0.000958000018727,-1.75879383087,-3.34532642365,
1960,0.000959000026342,-1.75879383087,-3.34532642365,
1961,0.000959999975748,-1.75879383087,-3.14432144165,
1962,0.000960999983363,-1.55778884888,-3.14432144165,
1963,0.000961999990977,-1.55778884888,-2.94331645966,
1964,0.000962999998592,-1.35678386688,-3.14432144165,
1965,0.000964000006206,-1.55778884888,-3.14432144165,
1966,0.000965000013821,-1.55778884888,-2.94331645966,
1967,0.000966000021435,-1.55778884888,-2.94331645966,
1968,0.00096700002905,-1.15577888489,-2.94331645966,
1969,0.000967999978457,-1.15577888489,-2.94331645966,
1970,0.000968999986071,-1.35678386688,-2.94331645966,
1971,0.000969999993686,-1.35678386688,-2.94331645966,
1972,0.0009710000013,-1.35678386688,-2.94331645966,
1973,0.000972000008915,-1.15577888489,-2.94331645966,
1974,0.000973000016529,-1.15577888489,-2.94331645966,
1975,0.000974000024144,-1.15577888489,-2.74231147766,
1976,0.00097499997355,-1.15577888489,-2.74231147766,
1977,0.000975999981165,-1.15577888489,-2.94331645966,
1978,0.000976999988779,-0.954773902893,-2.94331645966,
1979,0.000977999996394,-0.954773902893,-2.94331645966,
1980,0.000979000004008,-1.15577888489,-2.94331645966,
1981,0.000980000011623,-0.954773902893,-2.74231147766,
1982,0.000981000019237,-0.753768920898,-2.74231147766,
1983,0.000982000026852,-0.954773902893,-2.74231147766,
1984,0.000983000034466,-0.954773902893,-2.74231147766,
1985,0.000984000042081,-0.954773902893,-2.74231147766,
1986,0.000985000049695,-0.753768920898,-2.54130649567,
1987,0.00098600005731,-0.753768920898,-2.74231147766,
1988,0.000986999948509,-0.753768920898,-2.74231147766,
1989,0.000987999956124,-0.753768920898,-2.54130649567,
1990,0.000988999963738,-0.954773902893,-2.74231147766,
1991,0.000989999971353,-0.753768920898,-2.54130649567,
1992,0.000990999978967,-0.753768920898,-2.74231147766,
1993,0.000991999986582,-0.753768920898,-2.74231147766,
1994,0.000992999994196,-0.351758956909,-2.54130649567,
1995,0.00099400000181,-0.753768920898,-2.54130649567,
1996,0.000995000009425,-0.552763938904,-2.34030151367,
1997,0.000996000017039,-0.351758956909,-2.34030151367,
1998,0.000997000024654,-0.552763938904,-2.34030151367,
1999,0.000998000032268,-0.351758956909,-2.54130649567,
2000,0.000999000039883,-0.351758956909,-2.34030151367,
